ExpName,N,M,L,NUM_THREADS,TBB_TIME,OMP_TIME
./OMPExpMaxTopBox,1305,655,2605,0, 9.15775,0
./OMPExpMaxTopBox,1305,655,2605,1, 7.78974,6.7751
./OMPExpMaxTopBox,1305,655,2605,2, 4.39256,4.52542
./OMPExpMaxTopBox,1305,655,2605,3, 3.79998,3.4623
./OMPExpMaxTopBox,1305,655,2605,4, 2.35043,2.71393
./OMPExpMaxTopBox,1305,655,2605,5, 2.1809,2.45908
./OMPExpMaxTopBox,1305,655,2605,6, 1.69795,2.02275
./OMPExpMaxTopBox,1305,655,2605,7, 1.50218,1.73073
./OMPExpMaxTopBox,1305,655,2605,8, 1.29641,1.66614
./OMPExpMaxTopBox,1305,655,2605,9, 1.177,1.36569
./OMPExpMaxTopBox,1305,655,2605,10, 1.07447,1.27179
./OMPExpMaxTopBox,1305,655,2605,11, 0.96883,1.14924
./OMPExpMaxTopBox,1305,655,2605,12, 0.876643,0.962741
./OMPExpMaxTopBox,1305,655,2605,13, 0.817407,0.998737
./OMPExpMaxTopBox,1305,655,2605,14, 0.799878,1.0319
./OMPExpMaxTopBox,1305,655,2605,15, 0.773629,0.997729
./OMPExpMaxTopBox,1305,655,2605,16, 0.726836,0.833918
./OMPExpMaxTopBox,655,1305,2605,0, 9.17769,0
./OMPExpMaxTopBox,655,1305,2605,1, 8.06641,7.16567
./OMPExpMaxTopBox,655,1305,2605,2, 4.22723,4.21866
./OMPExpMaxTopBox,655,1305,2605,3, 3.6574,3.42078
./OMPExpMaxTopBox,655,1305,2605,4, 2.47835,2.70096
./OMPExpMaxTopBox,655,1305,2605,5, 1.98918,2.36702
./OMPExpMaxTopBox,655,1305,2605,6, 1.71258,1.96378
./OMPExpMaxTopBox,655,1305,2605,7, 1.57136,1.88783
./OMPExpMaxTopBox,655,1305,2605,8, 1.2829,1.6874
./OMPExpMaxTopBox,655,1305,2605,9, 1.18373,1.52413
./OMPExpMaxTopBox,655,1305,2605,10, 1.02404,1.23918
./OMPExpMaxTopBox,655,1305,2605,11, 0.997598,1.27342
./OMPExpMaxTopBox,655,1305,2605,12, 0.932267,1.14561
./OMPExpMaxTopBox,655,1305,2605,13, 0.854453,1.03807
./OMPExpMaxTopBox,655,1305,2605,14, 0.808039,0.961224
./OMPExpMaxTopBox,655,1305,2605,15, 0.745565,0.82464
./OMPExpMaxTopBox,655,1305,2605,16, 0.723195,0.932973
./OMPExpMaxTopBox,655,655,5205,0, 9.66331,0
./OMPExpMaxTopBox,655,655,5205,1, 8.1813,7.22497
./OMPExpMaxTopBox,655,655,5205,2, 4.53845,4.03937
./OMPExpMaxTopBox,655,655,5205,3, 3.43628,3.60078
./OMPExpMaxTopBox,655,655,5205,4, 2.5566,2.71176
./OMPExpMaxTopBox,655,655,5205,5, 2.14875,2.60299
./OMPExpMaxTopBox,655,655,5205,6, 1.68028,2.0412
./OMPExpMaxTopBox,655,655,5205,7, 1.52134,1.75773
./OMPExpMaxTopBox,655,655,5205,8, 1.33384,1.50052
./OMPExpMaxTopBox,655,655,5205,9, 1.17035,1.46595
./OMPExpMaxTopBox,655,655,5205,10, 1.04957,1.3121
./OMPExpMaxTopBox,655,655,5205,11, 1.00956,1.27364
./OMPExpMaxTopBox,655,655,5205,12, 0.919011,1.21129
./OMPExpMaxTopBox,655,655,5205,13, 0.855175,1.1626
./OMPExpMaxTopBox,655,655,5205,14, 0.788994,0.991766
./OMPExpMaxTopBox,655,655,5205,15, 0.764221,0.90806
./OMPExpMaxTopBox,655,655,5205,16, 0.746723,0.942268
./OMPExpMaxTopBox,1305,655,2605,0, 9.01896,0
./OMPExpMaxTopBox,1305,655,2605,1, 7.84657,7.02657
./OMPExpMaxTopBox,1305,655,2605,2, 4.57299,4.7111
./OMPExpMaxTopBox,1305,655,2605,3, 3.5131,3.5476
./OMPExpMaxTopBox,1305,655,2605,4, 2.55406,2.99294
./OMPExpMaxTopBox,1305,655,2605,5, 2.20422,2.36241
./OMPExpMaxTopBox,1305,655,2605,6, 1.71112,2.03276
./OMPExpMaxTopBox,1305,655,2605,7, 1.46799,1.78814
./OMPExpMaxTopBox,1305,655,2605,8, 1.35343,1.54393
./OMPExpMaxTopBox,1305,655,2605,9, 1.12266,1.43016
./OMPExpMaxTopBox,1305,655,2605,10, 1.06207,1.37948
./OMPExpMaxTopBox,1305,655,2605,11, 1.00388,1.22435
./OMPExpMaxTopBox,1305,655,2605,12, 0.883301,1.16571
./OMPExpMaxTopBox,1305,655,2605,13, 0.820015,0.95404
./OMPExpMaxTopBox,1305,655,2605,14, 0.793238,0.983789
./OMPExpMaxTopBox,1305,655,2605,15, 0.736516,0.963404
./OMPExpMaxTopBox,1305,655,2605,16, 0.715776,0.937097
./OMPExpMaxTopBox,655,1305,2605,0, 9.01629,0
./OMPExpMaxTopBox,655,1305,2605,1, 7.64366,6.79102
./OMPExpMaxTopBox,655,1305,2605,2, 4.42784,4.39626
./OMPExpMaxTopBox,655,1305,2605,3, 3.7946,3.6198
./OMPExpMaxTopBox,655,1305,2605,4, 2.32548,2.80092
./OMPExpMaxTopBox,655,1305,2605,5, 2.11834,2.31218
./OMPExpMaxTopBox,655,1305,2605,6, 1.66554,1.96902
./OMPExpMaxTopBox,655,1305,2605,7, 1.50888,1.75619
./OMPExpMaxTopBox,655,1305,2605,8, 1.25565,1.68152
./OMPExpMaxTopBox,655,1305,2605,9, 1.15094,1.47867
./OMPExpMaxTopBox,655,1305,2605,10, 1.04707,1.39605
./OMPExpMaxTopBox,655,1305,2605,11, 0.982107,1.28401
./OMPExpMaxTopBox,655,1305,2605,12, 0.916985,1.10795
./OMPExpMaxTopBox,655,1305,2605,13, 0.839648,1.02403
./OMPExpMaxTopBox,655,1305,2605,14, 0.798234,1.03416
./OMPExpMaxTopBox,655,1305,2605,15, 0.77966,0.882491
./OMPExpMaxTopBox,655,1305,2605,16, 0.706159,0.866233
./OMPExpMaxTopBox,655,655,5205,0, 9.32853,0
./OMPExpMaxTopBox,655,655,5205,1, 7.63779,6.78368
./OMPExpMaxTopBox,655,655,5205,2, 4.2081,4.58984
./OMPExpMaxTopBox,655,655,5205,3, 3.82062,3.80716
./OMPExpMaxTopBox,655,655,5205,4, 2.41217,2.83299
./OMPExpMaxTopBox,655,655,5205,5, 2.24069,2.42511
./OMPExpMaxTopBox,655,655,5205,6, 1.63755,2.00705
./OMPExpMaxTopBox,655,655,5205,7, 1.4475,1.79396
./OMPExpMaxTopBox,655,655,5205,8, 1.3416,1.64456
./OMPExpMaxTopBox,655,655,5205,9, 1.10301,1.30837
./OMPExpMaxTopBox,655,655,5205,10, 1.10706,1.22415
./OMPExpMaxTopBox,655,655,5205,11, 1.00358,1.16455
./OMPExpMaxTopBox,655,655,5205,12, 0.950989,1.08905
./OMPExpMaxTopBox,655,655,5205,13, 0.851582,0.970394
./OMPExpMaxTopBox,655,655,5205,14, 0.758908,0.873805
./OMPExpMaxTopBox,655,655,5205,15, 0.750247,0.986344
./OMPExpMaxTopBox,655,655,5205,16, 0.768001,0.940834
./OMPExpMaxTopBox,1305,655,2605,0, 8.84787,0
./OMPExpMaxTopBox,1305,655,2605,1, 7.61212,6.76721
./OMPExpMaxTopBox,1305,655,2605,2, 4.37586,4.44263
./OMPExpMaxTopBox,1305,655,2605,3, 3.69528,3.57436
./OMPExpMaxTopBox,1305,655,2605,4, 2.44099,2.76678
./OMPExpMaxTopBox,1305,655,2605,5, 2.03193,2.38906
./OMPExpMaxTopBox,1305,655,2605,6, 1.64045,1.98506
./OMPExpMaxTopBox,1305,655,2605,7, 1.46174,1.65857
./OMPExpMaxTopBox,1305,655,2605,8, 1.27932,1.50064
./OMPExpMaxTopBox,1305,655,2605,9, 1.18661,1.45251
./OMPExpMaxTopBox,1305,655,2605,10, 1.06769,1.25597
./OMPExpMaxTopBox,1305,655,2605,11, 0.943935,1.22768
./OMPExpMaxTopBox,1305,655,2605,12, 0.922232,1.25132
./OMPExpMaxTopBox,1305,655,2605,13, 0.811975,0.949755
./OMPExpMaxTopBox,1305,655,2605,14, 0.800972,1.01615
./OMPExpMaxTopBox,1305,655,2605,15, 0.737248,0.892638
./OMPExpMaxTopBox,1305,655,2605,16, 0.684851,0.765245
./OMPExpMaxTopBox,655,1305,2605,0, 9.11464,0
./OMPExpMaxTopBox,655,1305,2605,1, 7.63819,6.78617
./OMPExpMaxTopBox,655,1305,2605,2, 4.74033,4.78196
./OMPExpMaxTopBox,655,1305,2605,3, 3.81995,3.61068
./OMPExpMaxTopBox,655,1305,2605,4, 2.68234,2.98226
./OMPExpMaxTopBox,655,1305,2605,5, 2.12233,2.47587
./OMPExpMaxTopBox,655,1305,2605,6, 1.76085,2.04679
./OMPExpMaxTopBox,655,1305,2605,7, 1.5409,1.82362
./OMPExpMaxTopBox,655,1305,2605,8, 1.40267,1.63398
./OMPExpMaxTopBox,655,1305,2605,9, 1.05286,1.43102
./OMPExpMaxTopBox,655,1305,2605,10, 1.10719,1.313
./OMPExpMaxTopBox,655,1305,2605,11, 1.02641,1.22473
./OMPExpMaxTopBox,655,1305,2605,12, 0.889464,1.00899
./OMPExpMaxTopBox,655,1305,2605,13, 0.845555,0.998992
./OMPExpMaxTopBox,655,1305,2605,14, 0.797638,0.990653
./OMPExpMaxTopBox,655,1305,2605,15, 0.751655,0.849399
./OMPExpMaxTopBox,655,1305,2605,16, 0.719958,0.909609
./OMPExpMaxTopBox,655,655,5205,0, 9.38762,0
./OMPExpMaxTopBox,655,655,5205,1, 7.66566,6.79233
./OMPExpMaxTopBox,655,655,5205,2, 4.95606,4.78007
./OMPExpMaxTopBox,655,655,5205,3, 3.46917,3.4762
./OMPExpMaxTopBox,655,655,5205,4, 2.58332,2.84344
./OMPExpMaxTopBox,655,655,5205,5, 2.14743,2.42765
./OMPExpMaxTopBox,655,655,5205,6, 1.78406,2.17243
./OMPExpMaxTopBox,655,655,5205,7, 1.49191,1.72258
./OMPExpMaxTopBox,655,655,5205,8, 1.35146,1.49223
./OMPExpMaxTopBox,655,655,5205,9, 1.17055,1.36029
./OMPExpMaxTopBox,655,655,5205,10, 1.04533,1.28735
./OMPExpMaxTopBox,655,655,5205,11, 0.974424,1.2307
./OMPExpMaxTopBox,655,655,5205,12, 0.847064,1.01976
./OMPExpMaxTopBox,655,655,5205,13, 0.854992,1.04414
./OMPExpMaxTopBox,655,655,5205,14, 0.779179,0.999146
./OMPExpMaxTopBox,655,655,5205,15, 0.787387,0.953591
./OMPExpMaxTopBox,655,655,5205,16, 0.68214,0.880766
./OMPExpMaxTopBox,1305,655,2605,0, 8.9654,0
./OMPExpMaxTopBox,1305,655,2605,1, 7.65678,6.78227
./OMPExpMaxTopBox,1305,655,2605,2, 4.64895,4.98287
./OMPExpMaxTopBox,1305,655,2605,3, 3.60964,3.5394
./OMPExpMaxTopBox,1305,655,2605,4, 2.39857,2.78059
./OMPExpMaxTopBox,1305,655,2605,5, 2.14777,2.54074
./OMPExpMaxTopBox,1305,655,2605,6, 1.8586,2.06788
./OMPExpMaxTopBox,1305,655,2605,7, 1.49898,1.7266
./OMPExpMaxTopBox,1305,655,2605,8, 1.25773,1.62053
./OMPExpMaxTopBox,1305,655,2605,9, 1.20084,1.46707
./OMPExpMaxTopBox,1305,655,2605,10, 1.02678,1.19491
./OMPExpMaxTopBox,1305,655,2605,11, 0.929332,1.06515
./OMPExpMaxTopBox,1305,655,2605,12, 0.871876,1.03592
./OMPExpMaxTopBox,1305,655,2605,13, 0.841439,1.1164
./OMPExpMaxTopBox,1305,655,2605,14, 0.81014,1.05611
./OMPExpMaxTopBox,1305,655,2605,15, 0.763216,0.946696
./OMPExpMaxTopBox,1305,655,2605,16, 0.720468,0.94218
./OMPExpMaxTopBox,655,1305,2605,0, 8.78636,0
./OMPExpMaxTopBox,655,1305,2605,1, 7.60569,6.77061
./OMPExpMaxTopBox,655,1305,2605,2, 4.28102,5.40444
./OMPExpMaxTopBox,655,1305,2605,3, 3.70981,3.65936
./OMPExpMaxTopBox,655,1305,2605,4, 2.50094,2.86038
./OMPExpMaxTopBox,655,1305,2605,5, 2.25092,2.33135
./OMPExpMaxTopBox,655,1305,2605,6, 1.66131,1.96752
./OMPExpMaxTopBox,655,1305,2605,7, 1.44138,1.54691
./OMPExpMaxTopBox,655,1305,2605,8, 1.26192,1.35255
./OMPExpMaxTopBox,655,1305,2605,9, 1.1746,1.40552
./OMPExpMaxTopBox,655,1305,2605,10, 1.04724,1.36693
./OMPExpMaxTopBox,655,1305,2605,11, 1.00398,1.18755
./OMPExpMaxTopBox,655,1305,2605,12, 0.901741,1.07598
./OMPExpMaxTopBox,655,1305,2605,13, 0.857561,1.0336
./OMPExpMaxTopBox,655,1305,2605,14, 0.820692,0.993629
./OMPExpMaxTopBox,655,1305,2605,15, 0.792913,0.857736
./OMPExpMaxTopBox,655,1305,2605,16, 0.720329,0.915788
./OMPExpMaxTopBox,655,655,5205,0, 9.24165,0
./OMPExpMaxTopBox,655,655,5205,1, 7.60129,6.78883
./OMPExpMaxTopBox,655,655,5205,2, 4.11047,4.79098
./OMPExpMaxTopBox,655,655,5205,3, 3.63793,3.58557
./OMPExpMaxTopBox,655,655,5205,4, 2.31874,2.75158
./OMPExpMaxTopBox,655,655,5205,5, 2.05417,2.51505
./OMPExpMaxTopBox,655,655,5205,6, 1.75884,2.08356
./OMPExpMaxTopBox,655,655,5205,7, 1.54585,1.84892
./OMPExpMaxTopBox,655,655,5205,8, 1.30076,1.59307
./OMPExpMaxTopBox,655,655,5205,9, 1.17164,1.47724
./OMPExpMaxTopBox,655,655,5205,10, 1.05447,1.28372
./OMPExpMaxTopBox,655,655,5205,11, 0.969713,1.15833
./OMPExpMaxTopBox,655,655,5205,12, 0.899158,1.05231
./OMPExpMaxTopBox,655,655,5205,13, 0.835317,1.03993
./OMPExpMaxTopBox,655,655,5205,14, 0.7605,0.93467
./OMPExpMaxTopBox,655,655,5205,15, 0.796557,0.926262
./OMPExpMaxTopBox,655,655,5205,16, 0.681601,0.850321
./OMPExpMaxTopBox,1305,655,2605,0, 9.03441,0
./OMPExpMaxTopBox,1305,655,2605,1, 7.64645,6.79196
./OMPExpMaxTopBox,1305,655,2605,2, 4.3625,4.71681
./OMPExpMaxTopBox,1305,655,2605,3, 3.59088,3.48315
./OMPExpMaxTopBox,1305,655,2605,4, 2.5767,2.93952
./OMPExpMaxTopBox,1305,655,2605,5, 2.12994,2.33104
./OMPExpMaxTopBox,1305,655,2605,6, 1.6966,2.06522
./OMPExpMaxTopBox,1305,655,2605,7, 1.50903,1.79944
./OMPExpMaxTopBox,1305,655,2605,8, 1.30523,1.66222
./OMPExpMaxTopBox,1305,655,2605,9, 1.18876,1.47493
./OMPExpMaxTopBox,1305,655,2605,10, 1.07276,1.32933
./OMPExpMaxTopBox,1305,655,2605,11, 0.935042,1.14685
./OMPExpMaxTopBox,1305,655,2605,12, 0.884024,1.13589
./OMPExpMaxTopBox,1305,655,2605,13, 0.836064,1.00641
./OMPExpMaxTopBox,1305,655,2605,14, 0.804997,0.996528
./OMPExpMaxTopBox,1305,655,2605,15, 0.763007,0.932038
./OMPExpMaxTopBox,1305,655,2605,16, 0.736449,0.952019
./OMPExpMaxTopBox,655,1305,2605,0, 8.96434,0
./OMPExpMaxTopBox,655,1305,2605,1, 7.65638,6.81136
./OMPExpMaxTopBox,655,1305,2605,2, 4.70305,4.20147
./OMPExpMaxTopBox,655,1305,2605,3, 3.46909,3.81829
./OMPExpMaxTopBox,655,1305,2605,4, 2.30278,2.79082
./OMPExpMaxTopBox,655,1305,2605,5, 2.20244,2.43545
./OMPExpMaxTopBox,655,1305,2605,6, 1.76839,1.98923
./OMPExpMaxTopBox,655,1305,2605,7, 1.49501,1.70862
./OMPExpMaxTopBox,655,1305,2605,8, 1.27669,1.43216
./OMPExpMaxTopBox,655,1305,2605,9, 1.15009,1.45648
./OMPExpMaxTopBox,655,1305,2605,10, 1.06302,1.28319
./OMPExpMaxTopBox,655,1305,2605,11, 1.00815,1.16772
./OMPExpMaxTopBox,655,1305,2605,12, 0.931177,1.06951
./OMPExpMaxTopBox,655,1305,2605,13, 0.837247,1.03819
./OMPExpMaxTopBox,655,1305,2605,14, 0.804175,1.07278
./OMPExpMaxTopBox,655,1305,2605,15, 0.767965,0.916921
./OMPExpMaxTopBox,655,1305,2605,16, 0.724726,0.906333
./OMPExpMaxTopBox,655,655,5205,0, 9.40431,0
./OMPExpMaxTopBox,655,655,5205,1, 7.6291,6.78476
./OMPExpMaxTopBox,655,655,5205,2, 4.23273,4.05
./OMPExpMaxTopBox,655,655,5205,3, 3.55185,3.86563
./OMPExpMaxTopBox,655,655,5205,4, 2.38997,2.75656
./OMPExpMaxTopBox,655,655,5205,5, 2.11928,2.43485
./OMPExpMaxTopBox,655,655,5205,6, 1.63027,2.06455
./OMPExpMaxTopBox,655,655,5205,7, 1.54364,1.78667
./OMPExpMaxTopBox,655,655,5205,8, 1.34341,1.53788
./OMPExpMaxTopBox,655,655,5205,9, 1.05011,1.38142
./OMPExpMaxTopBox,655,655,5205,10, 1.06907,1.26028
./OMPExpMaxTopBox,655,655,5205,11, 0.99221,1.16778
./OMPExpMaxTopBox,655,655,5205,12, 0.869597,1.1003
./OMPExpMaxTopBox,655,655,5205,13, 0.855172,1.11832
./OMPExpMaxTopBox,655,655,5205,14, 0.853391,1.06382
./OMPExpMaxTopBox,655,655,5205,15, 0.774307,1.0398
./OMPExpMaxTopBox,655,655,5205,16, 0.717157,0.872236
./OMPExpMaxTopBox,1305,655,2605,0, 8.99673,0
./OMPExpMaxTopBox,1305,655,2605,1, 7.99633,6.79266
./OMPExpMaxTopBox,1305,655,2605,2, 4.33005,4.58354
./OMPExpMaxTopBox,1305,655,2605,3, 3.61261,3.72106
./OMPExpMaxTopBox,1305,655,2605,4, 2.44219,2.98701
./OMPExpMaxTopBox,1305,655,2605,5, 2.08821,2.35584
./OMPExpMaxTopBox,1305,655,2605,6, 1.6998,2.10492
./OMPExpMaxTopBox,1305,655,2605,7, 1.48604,1.77673
./OMPExpMaxTopBox,1305,655,2605,8, 1.29615,1.57838
./OMPExpMaxTopBox,1305,655,2605,9, 1.16384,1.31678
./OMPExpMaxTopBox,1305,655,2605,10, 1.05362,1.24318
./OMPExpMaxTopBox,1305,655,2605,11, 0.938904,1.05408
./OMPExpMaxTopBox,1305,655,2605,12, 0.897693,1.09357
./OMPExpMaxTopBox,1305,655,2605,13, 0.853949,1.02685
./OMPExpMaxTopBox,1305,655,2605,14, 0.746877,0.89948
./OMPExpMaxTopBox,1305,655,2605,15, 0.738957,0.769007
./OMPExpMaxTopBox,1305,655,2605,16, 0.66637,0.862178
./OMPExpMaxTopBox,655,1305,2605,0, 8.72606,0
./OMPExpMaxTopBox,655,1305,2605,1, 7.69088,6.77025
./OMPExpMaxTopBox,655,1305,2605,2, 4.37,4.45316
./OMPExpMaxTopBox,655,1305,2605,3, 3.61822,3.37618
./OMPExpMaxTopBox,655,1305,2605,4, 2.45143,2.78574
./OMPExpMaxTopBox,655,1305,2605,5, 2.10444,2.43635
./OMPExpMaxTopBox,655,1305,2605,6, 1.76423,2.08338
./OMPExpMaxTopBox,655,1305,2605,7, 1.50373,1.75139
./OMPExpMaxTopBox,655,1305,2605,8, 1.33025,1.69298
./OMPExpMaxTopBox,655,1305,2605,9, 1.20977,1.4187
./OMPExpMaxTopBox,655,1305,2605,10, 1.07027,1.24682
./OMPExpMaxTopBox,655,1305,2605,11, 0.998816,1.19897
./OMPExpMaxTopBox,655,1305,2605,12, 0.894503,1.15607
./OMPExpMaxTopBox,655,1305,2605,13, 0.827598,1.00291
./OMPExpMaxTopBox,655,1305,2605,14, 0.783728,0.976274
./OMPExpMaxTopBox,655,1305,2605,15, 0.792378,1.00482
./OMPExpMaxTopBox,655,1305,2605,16, 0.742686,0.930544
./OMPExpMaxTopBox,655,655,5205,0, 9.21773,0
./OMPExpMaxTopBox,655,655,5205,1, 7.69576,6.83343
./OMPExpMaxTopBox,655,655,5205,2, 4.35063,4.04993
./OMPExpMaxTopBox,655,655,5205,3, 3.3002,3.78194
./OMPExpMaxTopBox,655,655,5205,4, 2.56127,2.73819
./OMPExpMaxTopBox,655,655,5205,5, 2.19945,2.46921
./OMPExpMaxTopBox,655,655,5205,6, 1.76402,1.95913
./OMPExpMaxTopBox,655,655,5205,7, 1.6066,1.91381
./OMPExpMaxTopBox,655,655,5205,8, 1.32074,1.58615
./OMPExpMaxTopBox,655,655,5205,9, 1.20067,1.48045
./OMPExpMaxTopBox,655,655,5205,10, 1.0663,1.30637
./OMPExpMaxTopBox,655,655,5205,11, 1.0054,1.25833
./OMPExpMaxTopBox,655,655,5205,12, 0.924282,1.15649
./OMPExpMaxTopBox,655,655,5205,13, 0.844349,1.0564
./OMPExpMaxTopBox,655,655,5205,14, 0.812767,1.02443
./OMPExpMaxTopBox,655,655,5205,15, 0.756002,1.01969
./OMPExpMaxTopBox,655,655,5205,16, 0.737399,0.94399
./OMPExpMaxTopBox,1305,655,2605,0, 8.94919,0
./OMPExpMaxTopBox,1305,655,2605,1, 7.60759,6.76885
./OMPExpMaxTopBox,1305,655,2605,2, 4.34732,4.31289
./OMPExpMaxTopBox,1305,655,2605,3, 3.68858,3.42083
./OMPExpMaxTopBox,1305,655,2605,4, 2.65835,2.90878
./OMPExpMaxTopBox,1305,655,2605,5, 2.06056,2.38622
./OMPExpMaxTopBox,1305,655,2605,6, 1.76307,2.13284
./OMPExpMaxTopBox,1305,655,2605,7, 1.51413,1.70368
./OMPExpMaxTopBox,1305,655,2605,8, 1.29402,1.55112
./OMPExpMaxTopBox,1305,655,2605,9, 1.15098,1.49246
./OMPExpMaxTopBox,1305,655,2605,10, 1.07812,1.37906
./OMPExpMaxTopBox,1305,655,2605,11, 0.964773,1.17846
./OMPExpMaxTopBox,1305,655,2605,12, 0.910706,1.10598
./OMPExpMaxTopBox,1305,655,2605,13, 0.861051,1.07074
./OMPExpMaxTopBox,1305,655,2605,14, 0.7984,0.910708
./OMPExpMaxTopBox,1305,655,2605,15, 0.697703,1.00219
./OMPExpMaxTopBox,1305,655,2605,16, 0.726976,0.953647
./OMPExpMaxTopBox,655,1305,2605,0, 9.05813,0
./OMPExpMaxTopBox,655,1305,2605,1, 7.65803,6.79244
./OMPExpMaxTopBox,655,1305,2605,2, 4.50059,4.6989
./OMPExpMaxTopBox,655,1305,2605,3, 3.75799,3.73466
./OMPExpMaxTopBox,655,1305,2605,4, 2.49905,2.77141
./OMPExpMaxTopBox,655,1305,2605,5, 2.20264,2.53793
./OMPExpMaxTopBox,655,1305,2605,6, 1.65968,2.08664
./OMPExpMaxTopBox,655,1305,2605,7, 1.51636,1.83365
./OMPExpMaxTopBox,655,1305,2605,8, 1.25726,1.63692
./OMPExpMaxTopBox,655,1305,2605,9, 1.18616,1.46236
./OMPExpMaxTopBox,655,1305,2605,10, 1.04973,1.2505
./OMPExpMaxTopBox,655,1305,2605,11, 0.983596,1.17791
./OMPExpMaxTopBox,655,1305,2605,12, 0.923172,1.12772
./OMPExpMaxTopBox,655,1305,2605,13, 0.821808,1.14036
./OMPExpMaxTopBox,655,1305,2605,14, 0.77046,1.08665
./OMPExpMaxTopBox,655,1305,2605,15, 0.757116,1.02821
./OMPExpMaxTopBox,655,1305,2605,16, 0.753155,0.892988
./OMPExpMaxTopBox,655,655,5205,0, 9.90636,0
./OMPExpMaxTopBox,655,655,5205,1, 8.31645,7.21915
./OMPExpMaxTopBox,655,655,5205,2, 4.35315,4.62762
./OMPExpMaxTopBox,655,655,5205,3, 3.59145,3.49772
./OMPExpMaxTopBox,655,655,5205,4, 2.49625,2.6155
./OMPExpMaxTopBox,655,655,5205,5, 2.09671,2.32562
./OMPExpMaxTopBox,655,655,5205,6, 1.71923,2.12145
./OMPExpMaxTopBox,655,655,5205,7, 1.49742,1.72936
./OMPExpMaxTopBox,655,655,5205,8, 1.34159,1.57469
./OMPExpMaxTopBox,655,655,5205,9, 1.17996,1.50997
./OMPExpMaxTopBox,655,655,5205,10, 1.07374,1.34109
./OMPExpMaxTopBox,655,655,5205,11, 0.932888,1.21148
./OMPExpMaxTopBox,655,655,5205,12, 0.956164,1.05347
./OMPExpMaxTopBox,655,655,5205,13, 0.868571,1.05892
./OMPExpMaxTopBox,655,655,5205,14, 0.851062,1.03584
./OMPExpMaxTopBox,655,655,5205,15, 0.790533,0.981248
./OMPExpMaxTopBox,655,655,5205,16, 0.747042,0.983866
./OMPExpMaxTopBox,1305,655,2605,0, 8.89707,0
./OMPExpMaxTopBox,1305,655,2605,1, 7.61706,6.77211
./OMPExpMaxTopBox,1305,655,2605,2, 4.28734,4.48675
./OMPExpMaxTopBox,1305,655,2605,3, 3.4443,3.54107
./OMPExpMaxTopBox,1305,655,2605,4, 2.41936,2.72017
./OMPExpMaxTopBox,1305,655,2605,5, 2.11198,2.3363
./OMPExpMaxTopBox,1305,655,2605,6, 1.68287,1.99991
./OMPExpMaxTopBox,1305,655,2605,7, 1.52235,1.71665
./OMPExpMaxTopBox,1305,655,2605,8, 1.29175,1.53798
./OMPExpMaxTopBox,1305,655,2605,9, 1.17402,1.4067
./OMPExpMaxTopBox,1305,655,2605,10, 1.02103,1.27877
./OMPExpMaxTopBox,1305,655,2605,11, 0.954495,1.27872
./OMPExpMaxTopBox,1305,655,2605,12, 0.859217,1.13521
./OMPExpMaxTopBox,1305,655,2605,13, 0.818246,0.981936
./OMPExpMaxTopBox,1305,655,2605,14, 0.803646,0.958078
./OMPExpMaxTopBox,1305,655,2605,15, 0.751362,0.821909
./OMPExpMaxTopBox,1305,655,2605,16, 0.683785,0.898449
./OMPExpMaxTopBox,655,1305,2605,0, 8.84697,0
./OMPExpMaxTopBox,655,1305,2605,1, 7.62234,6.77736
./OMPExpMaxTopBox,655,1305,2605,2, 4.28373,4.22566
./OMPExpMaxTopBox,655,1305,2605,3, 3.51167,3.53946
./OMPExpMaxTopBox,655,1305,2605,4, 2.68387,2.71669
./OMPExpMaxTopBox,655,1305,2605,5, 2.10125,2.28984
./OMPExpMaxTopBox,655,1305,2605,6, 1.69295,1.90495
./OMPExpMaxTopBox,655,1305,2605,7, 1.53807,1.80729
./OMPExpMaxTopBox,655,1305,2605,8, 1.24781,1.57585
./OMPExpMaxTopBox,655,1305,2605,9, 1.22211,1.41924
./OMPExpMaxTopBox,655,1305,2605,10, 1.0905,1.33747
./OMPExpMaxTopBox,655,1305,2605,11, 0.989874,1.14189
./OMPExpMaxTopBox,655,1305,2605,12, 0.922545,1.12034
./OMPExpMaxTopBox,655,1305,2605,13, 0.86799,1.00541
./OMPExpMaxTopBox,655,1305,2605,14, 0.759624,0.887551
./OMPExpMaxTopBox,655,1305,2605,15, 0.740279,0.847041
./OMPExpMaxTopBox,655,1305,2605,16, 0.700577,0.743244
./OMPExpMaxTopBox,655,655,5205,0, 9.51179,0
./OMPExpMaxTopBox,655,655,5205,1, 7.673,6.78392
./OMPExpMaxTopBox,655,655,5205,2, 4.62006,4.42512
./OMPExpMaxTopBox,655,655,5205,3, 3.65608,3.70294
./OMPExpMaxTopBox,655,655,5205,4, 2.30953,2.75605
./OMPExpMaxTopBox,655,655,5205,5, 2.15924,2.5197
./OMPExpMaxTopBox,655,655,5205,6, 1.8184,2.09608
./OMPExpMaxTopBox,655,655,5205,7, 1.50994,1.70616
./OMPExpMaxTopBox,655,655,5205,8, 1.30982,1.5199
./OMPExpMaxTopBox,655,655,5205,9, 1.18167,1.49073
./OMPExpMaxTopBox,655,655,5205,10, 1.08437,1.30221
./OMPExpMaxTopBox,655,655,5205,11, 1.03094,1.25443
./OMPExpMaxTopBox,655,655,5205,12, 0.932336,1.05006
./OMPExpMaxTopBox,655,655,5205,13, 0.83213,1.05841
./OMPExpMaxTopBox,655,655,5205,14, 0.810434,1.00572
./OMPExpMaxTopBox,655,655,5205,15, 0.774543,0.917071
./OMPExpMaxTopBox,655,655,5205,16, 0.738042,0.883966
./OMPExpMaxTopBox,1305,655,2605,0, 8.78518,0
./OMPExpMaxTopBox,1305,655,2605,1, 7.59318,6.77239
./OMPExpMaxTopBox,1305,655,2605,2, 4.28349,3.68344
./OMPExpMaxTopBox,1305,655,2605,3, 3.65043,3.66525
./OMPExpMaxTopBox,1305,655,2605,4, 2.38572,2.79088
./OMPExpMaxTopBox,1305,655,2605,5, 2.14534,2.52439
./OMPExpMaxTopBox,1305,655,2605,6, 1.74276,2.03921
./OMPExpMaxTopBox,1305,655,2605,7, 1.50216,1.64139
./OMPExpMaxTopBox,1305,655,2605,8, 1.31215,1.48226
./OMPExpMaxTopBox,1305,655,2605,9, 1.16574,1.415
./OMPExpMaxTopBox,1305,655,2605,10, 1.04551,1.24827
./OMPExpMaxTopBox,1305,655,2605,11, 0.932348,1.16262
./OMPExpMaxTopBox,1305,655,2605,12, 0.889349,1.07423
./OMPExpMaxTopBox,1305,655,2605,13, 0.81375,1.04221
./OMPExpMaxTopBox,1305,655,2605,14, 0.794954,0.995458
./OMPExpMaxTopBox,1305,655,2605,15, 0.753695,0.952655
./OMPExpMaxTopBox,1305,655,2605,16, 0.714874,0.934474
./OMPExpMaxTopBox,655,1305,2605,0, 8.93195,0
./OMPExpMaxTopBox,655,1305,2605,1, 7.68091,6.81931
./OMPExpMaxTopBox,655,1305,2605,2, 4.76375,3.88702
./OMPExpMaxTopBox,655,1305,2605,3, 3.62334,3.56765
./OMPExpMaxTopBox,655,1305,2605,4, 2.3551,3.02892
./OMPExpMaxTopBox,655,1305,2605,5, 2.21162,2.57773
./OMPExpMaxTopBox,655,1305,2605,6, 1.66283,1.98015
./OMPExpMaxTopBox,655,1305,2605,7, 1.54152,1.7144
./OMPExpMaxTopBox,655,1305,2605,8, 1.30852,1.66395
./OMPExpMaxTopBox,655,1305,2605,9, 1.18703,1.53094
./OMPExpMaxTopBox,655,1305,2605,10, 1.08116,1.32043
./OMPExpMaxTopBox,655,1305,2605,11, 0.996395,1.21021
./OMPExpMaxTopBox,655,1305,2605,12, 0.93074,1.09333
./OMPExpMaxTopBox,655,1305,2605,13, 0.854474,1.12269
./OMPExpMaxTopBox,655,1305,2605,14, 0.800081,1.0051
./OMPExpMaxTopBox,655,1305,2605,15, 0.74529,0.909487
./OMPExpMaxTopBox,655,1305,2605,16, 0.74011,0.863028
./OMPExpMaxTopBox,655,655,5205,0, 9.36112,0
./OMPExpMaxTopBox,655,655,5205,1, 7.64876,6.80404
./OMPExpMaxTopBox,655,655,5205,2, 4.63659,4.6865
./OMPExpMaxTopBox,655,655,5205,3, 3.93849,3.57065
./OMPExpMaxTopBox,655,655,5205,4, 2.42227,2.5848
./OMPExpMaxTopBox,655,655,5205,5, 2.08703,2.49311
./OMPExpMaxTopBox,655,655,5205,6, 1.70346,1.8269
./OMPExpMaxTopBox,655,655,5205,7, 1.5686,1.88406
./OMPExpMaxTopBox,655,655,5205,8, 1.34128,1.52649
./OMPExpMaxTopBox,655,655,5205,9, 1.18296,1.4091
./OMPExpMaxTopBox,655,655,5205,10, 1.07119,1.2937
./OMPExpMaxTopBox,655,655,5205,11, 0.946773,1.13185
./OMPExpMaxTopBox,655,655,5205,12, 0.935828,1.0844
./OMPExpMaxTopBox,655,655,5205,13, 0.859012,1.09368
./OMPExpMaxTopBox,655,655,5205,14, 0.785491,0.980467
./OMPExpMaxTopBox,655,655,5205,15, 0.797771,1.00311
./OMPExpMaxTopBox,655,655,5205,16, 0.741697,1.02703
./OMPExpMaxTopBox,1305,655,2605,0, 9.1737,0
./OMPExpMaxTopBox,1305,655,2605,1, 8.26984,7.32366
./OMPExpMaxTopBox,1305,655,2605,2, 4.63415,4.78154
./OMPExpMaxTopBox,1305,655,2605,3, 3.55573,3.52856
./OMPExpMaxTopBox,1305,655,2605,4, 2.31446,2.9118
./OMPExpMaxTopBox,1305,655,2605,5, 2.15942,2.49655
./OMPExpMaxTopBox,1305,655,2605,6, 1.77969,2.07369
./OMPExpMaxTopBox,1305,655,2605,7, 1.51077,1.88316
./OMPExpMaxTopBox,1305,655,2605,8, 1.31723,1.53778
./OMPExpMaxTopBox,1305,655,2605,9, 1.17073,1.44718
./OMPExpMaxTopBox,1305,655,2605,10, 1.03453,1.2946
./OMPExpMaxTopBox,1305,655,2605,11, 0.985762,1.17733
./OMPExpMaxTopBox,1305,655,2605,12, 0.918066,1.14035
./OMPExpMaxTopBox,1305,655,2605,13, 0.841829,1.03834
./OMPExpMaxTopBox,1305,655,2605,14, 0.771568,1.0149
./OMPExpMaxTopBox,1305,655,2605,15, 0.760862,0.94274
./OMPExpMaxTopBox,1305,655,2605,16, 0.745848,0.895798
./OMPExpMaxTopBox,655,1305,2605,0, 9.07255,0
./OMPExpMaxTopBox,655,1305,2605,1, 8.09611,7.19972
./OMPExpMaxTopBox,655,1305,2605,2, 4.65661,4.57166
./OMPExpMaxTopBox,655,1305,2605,3, 3.98332,3.57119
./OMPExpMaxTopBox,655,1305,2605,4, 2.51788,2.66042
./OMPExpMaxTopBox,655,1305,2605,5, 2.0918,2.38187
./OMPExpMaxTopBox,655,1305,2605,6, 1.76028,2.08937
./OMPExpMaxTopBox,655,1305,2605,7, 1.49602,1.81002
./OMPExpMaxTopBox,655,1305,2605,8, 1.29571,1.63614
./OMPExpMaxTopBox,655,1305,2605,9, 1.16036,1.46722
./OMPExpMaxTopBox,655,1305,2605,10, 1.07359,1.30739
./OMPExpMaxTopBox,655,1305,2605,11, 0.981686,1.25126
./OMPExpMaxTopBox,655,1305,2605,12, 0.81026,1.09302
./OMPExpMaxTopBox,655,1305,2605,13, 0.879095,1.06735
./OMPExpMaxTopBox,655,1305,2605,14, 0.816344,1.01755
./OMPExpMaxTopBox,655,1305,2605,15, 0.779853,0.975485
./OMPExpMaxTopBox,655,1305,2605,16, 0.722715,0.930575
./OMPExpMaxTopBox,655,655,5205,0, 9.27197,0
./OMPExpMaxTopBox,655,655,5205,1, 7.77163,6.79887
./OMPExpMaxTopBox,655,655,5205,2, 4.65022,4.41558
./OMPExpMaxTopBox,655,655,5205,3, 3.53888,3.8913
./OMPExpMaxTopBox,655,655,5205,4, 2.31662,2.82045
./OMPExpMaxTopBox,655,655,5205,5, 2.05506,2.31328
./OMPExpMaxTopBox,655,655,5205,6, 1.71994,2.05717
./OMPExpMaxTopBox,655,655,5205,7, 1.52355,1.66076
./OMPExpMaxTopBox,655,655,5205,8, 1.29858,1.58311
./OMPExpMaxTopBox,655,655,5205,9, 1.18685,1.41588
./OMPExpMaxTopBox,655,655,5205,10, 1.07789,1.40454
./OMPExpMaxTopBox,655,655,5205,11, 1.0389,1.20148
./OMPExpMaxTopBox,655,655,5205,12, 0.947066,1.20746
./OMPExpMaxTopBox,655,655,5205,13, 0.883009,1.11321
./OMPExpMaxTopBox,655,655,5205,14, 0.850156,1.01794
./OMPExpMaxTopBox,655,655,5205,15, 0.753584,1.03331
./OMPExpMaxTopBox,655,655,5205,16, 0.778025,0.960135
./OMPExpMaxTopBox,5205,655,655,0, 7.58509,0
./OMPExpMaxTopBox,5205,655,655,1, 8.44041,6.86334
./OMPExpMaxTopBox,5205,655,655,2, 5.17084,5.053
./OMPExpMaxTopBox,5205,655,655,3, 3.60207,3.61808
./OMPExpMaxTopBox,5205,655,655,4, 2.62269,2.82208
./OMPExpMaxTopBox,5205,655,655,5, 2.18416,2.58572
./OMPExpMaxTopBox,5205,655,655,6, 1.70226,2.1694
./OMPExpMaxTopBox,5205,655,655,7, 1.48691,1.80721
./OMPExpMaxTopBox,5205,655,655,8, 1.26614,1.53798
./OMPExpMaxTopBox,5205,655,655,9, 1.20727,1.48978
./OMPExpMaxTopBox,5205,655,655,10, 1.05784,1.34394
./OMPExpMaxTopBox,5205,655,655,11, 1.02415,1.23558
./OMPExpMaxTopBox,5205,655,655,12, 0.906299,1.18798
./OMPExpMaxTopBox,5205,655,655,13, 0.830597,1.02608
./OMPExpMaxTopBox,5205,655,655,14, 0.790623,0.93733
./OMPExpMaxTopBox,5205,655,655,15, 0.727953,0.857211
./OMPExpMaxTopBox,5205,655,655,16, 0.705803,0.916988
./OMPExpMaxTopBox,5205,655,655,0, 8.00632,0
./OMPExpMaxTopBox,5205,655,655,1, 8.12873,7.1984
./OMPExpMaxTopBox,5205,655,655,2, 5.08767,5.15254
./OMPExpMaxTopBox,5205,655,655,3, 3.80467,3.61188
./OMPExpMaxTopBox,5205,655,655,4, 2.61217,2.80227
./OMPExpMaxTopBox,5205,655,655,5, 2.11528,2.39148
./OMPExpMaxTopBox,5205,655,655,6, 1.74204,2.1664
./OMPExpMaxTopBox,5205,655,655,7, 1.56004,1.8509
./OMPExpMaxTopBox,5205,655,655,8, 1.30893,1.64944
./OMPExpMaxTopBox,5205,655,655,9, 1.19458,1.43191
./OMPExpMaxTopBox,5205,655,655,10, 1.11019,1.32743
./OMPExpMaxTopBox,5205,655,655,11, 0.939606,1.08794
./OMPExpMaxTopBox,5205,655,655,12, 0.872045,1.03083
./OMPExpMaxTopBox,5205,655,655,13, 0.847226,1.01589
./OMPExpMaxTopBox,5205,655,655,14, 0.794664,1.09353
./OMPExpMaxTopBox,5205,655,655,15, 0.737137,0.919702
./OMPExpMaxTopBox,5205,655,655,16, 0.715785,0.828799
./OMPExpMaxTopBox,5205,655,655,0, 7.94928,0
./OMPExpMaxTopBox,5205,655,655,1, 8.21946,7.23583
./OMPExpMaxTopBox,5205,655,655,2, 4.64998,4.98225
./OMPExpMaxTopBox,5205,655,655,3, 3.72543,3.61738
./OMPExpMaxTopBox,5205,655,655,4, 2.40341,2.69782
./OMPExpMaxTopBox,5205,655,655,5, 2.24847,2.40783
./OMPExpMaxTopBox,5205,655,655,6, 1.73092,2.21328
./OMPExpMaxTopBox,5205,655,655,7, 1.59545,1.75399
./OMPExpMaxTopBox,5205,655,655,8, 1.26868,1.60956
./OMPExpMaxTopBox,5205,655,655,9, 1.15231,1.46674
./OMPExpMaxTopBox,5205,655,655,10, 1.09296,1.263
./OMPExpMaxTopBox,5205,655,655,11, 0.913945,1.29883
./OMPExpMaxTopBox,5205,655,655,12, 0.90309,1.14975
./OMPExpMaxTopBox,5205,655,655,13, 0.824897,1.00681
./OMPExpMaxTopBox,5205,655,655,14, 0.808789,1.0058
./OMPExpMaxTopBox,5205,655,655,15, 0.737788,0.932329
./OMPExpMaxTopBox,5205,655,655,16, 0.679977,0.879558
./OMPExpMaxTopBox,5205,655,655,0, 8.21883,0
./OMPExpMaxTopBox,5205,655,655,1, 7.93366,6.9683
./OMPExpMaxTopBox,5205,655,655,2, 4.40123,4.77113
./OMPExpMaxTopBox,5205,655,655,3, 3.7764,3.70594
./OMPExpMaxTopBox,5205,655,655,4, 2.50255,2.67542
./OMPExpMaxTopBox,5205,655,655,5, 2.21683,2.44717
./OMPExpMaxTopBox,5205,655,655,6, 1.71922,1.88607
./OMPExpMaxTopBox,5205,655,655,7, 1.55552,1.95895
./OMPExpMaxTopBox,5205,655,655,8, 1.31924,1.63089
./OMPExpMaxTopBox,5205,655,655,9, 1.20579,1.44508
./OMPExpMaxTopBox,5205,655,655,10, 1.05365,1.22277
./OMPExpMaxTopBox,5205,655,655,11, 1.01198,1.22035
./OMPExpMaxTopBox,5205,655,655,12, 0.889097,1.09935
./OMPExpMaxTopBox,5205,655,655,13, 0.825767,0.997388
./OMPExpMaxTopBox,5205,655,655,14, 0.794293,0.969393
./OMPExpMaxTopBox,5205,655,655,15, 0.711325,0.95018
./OMPExpMaxTopBox,5205,655,655,16, 0.718122,0.931757
