ExpName,N,N2,NUM_THREADS,TBB_TIME,OMP_TIME
./ExpMode,50145,50145,0, 6.27426,6.27426
./ExpMode,50145,50145,1, 6.41958,6.37932
./ExpMode,50145,50145,2, 3.31097,3.26672
./ExpMode,50145,50145,3, 2.37105,2.77173
./ExpMode,50145,50145,4, 1.91173,2.0045
./ExpMode,50145,50145,5, 1.55971,1.76288
./ExpMode,50145,50145,6, 1.29888,1.28234
./ExpMode,50145,50145,7, 1.10065,1.28736
./ExpMode,50145,50145,8, 0.989435,1.11892
./ExpMode,50145,50145,9, 0.860986,1.01219
./ExpMode,50145,50145,10, 0.778229,0.953392
./ExpMode,50145,50145,11, 0.740352,0.826428
./ExpMode,50145,50145,12, 0.687857,0.813632
./ExpMode,50145,50145,13, 0.630178,0.729767
./ExpMode,50145,50145,14, 0.580425,0.633033
./ExpMode,50145,50145,15, 0.548529,0.642498
./ExpMode,50145,50145,16, 0.518414,0.514998
./ExpMode,40145,40145,0, 4.07674,4.07674
./ExpMode,40145,40145,1, 4.1149,4.12734
./ExpMode,40145,40145,2, 2.32624,2.5811
./ExpMode,40145,40145,3, 1.64799,1.78354
./ExpMode,40145,40145,4, 1.08688,1.31445
./ExpMode,40145,40145,5, 0.968525,1.08014
./ExpMode,40145,40145,6, 0.782516,0.985303
./ExpMode,40145,40145,7, 0.697425,0.852741
./ExpMode,40145,40145,8, 0.627769,0.738976
./ExpMode,40145,40145,9, 0.562658,0.667296
./ExpMode,40145,40145,10, 0.520975,0.574374
./ExpMode,40145,40145,11, 0.477519,0.531178
./ExpMode,40145,40145,12, 0.442052,0.453089
./ExpMode,40145,40145,13, 0.406698,0.463121
./ExpMode,40145,40145,14, 0.388185,0.457151
./ExpMode,40145,40145,15, 0.362313,0.473414
./ExpMode,40145,40145,16, 0.344858,0.466527
./ExpMode,35145,35145,0, 3.1014,3.1014
./ExpMode,35145,35145,1, 3.14735,3.14192
./ExpMode,35145,35145,2, 1.72265,1.72852
./ExpMode,35145,35145,3, 1.21867,1.38138
./ExpMode,35145,35145,4, 0.865514,1.12945
./ExpMode,35145,35145,5, 0.74679,0.886849
./ExpMode,35145,35145,6, 0.605255,0.784734
./ExpMode,35145,35145,7, 0.552686,0.6548
./ExpMode,35145,35145,8, 0.491226,0.609028
./ExpMode,35145,35145,9, 0.42278,0.509969
./ExpMode,35145,35145,10, 0.390943,0.46077
./ExpMode,35145,35145,11, 0.365358,0.426115
./ExpMode,35145,35145,12, 0.337873,0.415993
./ExpMode,35145,35145,13, 0.31978,0.38333
./ExpMode,35145,35145,14, 0.292636,0.39832
./ExpMode,35145,35145,15, 0.302373,0.353564
./ExpMode,35145,35145,16, 0.269102,0.37562
./ExpMode,60145,60145,0, 8.75976,8.75976
./ExpMode,60145,60145,1, 9.03434,9.0592
./ExpMode,60145,60145,2, 4.75862,4.69957
./ExpMode,60145,60145,3, 3.41322,3.85547
./ExpMode,60145,60145,4, 2.38876,2.65385
./ExpMode,60145,60145,5, 2.11217,2.47541
./ExpMode,60145,60145,6, 1.73997,1.83564
./ExpMode,60145,60145,7, 1.52938,1.75439
./ExpMode,60145,60145,8, 1.32842,1.42312
./ExpMode,60145,60145,9, 1.23258,1.40757
./ExpMode,60145,60145,10, 1.09112,1.18478
./ExpMode,60145,60145,11, 1.02391,1.15324
./ExpMode,60145,60145,12, 0.947167,1.07362
./ExpMode,60145,60145,13, 0.909688,1.00486
./ExpMode,60145,60145,14, 0.821798,0.89921
./ExpMode,60145,60145,15, 0.811496,0.936646
./ExpMode,60145,60145,16, 0.78634,0.862362
./ExpMode,50145,50145,0, 6.0095,6.0095
./ExpMode,50145,50145,1, 6.22753,6.16091
./ExpMode,50145,50145,2, 3.21128,3.15181
./ExpMode,50145,50145,3, 2.36069,2.71986
./ExpMode,50145,50145,4, 1.77843,1.82622
./ExpMode,50145,50145,5, 1.47644,1.67575
./ExpMode,50145,50145,6, 1.18497,1.4334
./ExpMode,50145,50145,7, 1.09406,1.26071
./ExpMode,50145,50145,8, 0.937216,1.13612
./ExpMode,50145,50145,9, 0.876551,1.01659
./ExpMode,50145,50145,10, 0.773819,0.80185
./ExpMode,50145,50145,11, 0.718175,0.843274
./ExpMode,50145,50145,12, 0.66737,0.75117
./ExpMode,50145,50145,13, 0.6257,0.704279
./ExpMode,50145,50145,14, 0.579582,0.588857
./ExpMode,50145,50145,15, 0.567311,0.658949
./ExpMode,50145,50145,16, 0.539229,0.696029
./ExpMode,40145,40145,0, 3.87323,3.87323
./ExpMode,40145,40145,1, 4.02537,4.00066
./ExpMode,40145,40145,2, 2.05037,2.06767
./ExpMode,40145,40145,3, 1.66424,1.90962
./ExpMode,40145,40145,4, 1.08051,1.38197
./ExpMode,40145,40145,5, 0.948136,1.2283
./ExpMode,40145,40145,6, 0.791525,0.937524
./ExpMode,40145,40145,7, 0.691476,0.811492
./ExpMode,40145,40145,8, 0.620686,0.666364
./ExpMode,40145,40145,9, 0.559148,0.639472
./ExpMode,40145,40145,10, 0.496314,0.610139
./ExpMode,40145,40145,11, 0.476226,0.5424
./ExpMode,40145,40145,12, 0.421772,0.485073
./ExpMode,40145,40145,13, 0.413331,0.486828
./ExpMode,40145,40145,14, 0.386446,0.460919
./ExpMode,40145,40145,15, 0.386944,0.408466
./ExpMode,40145,40145,16, 0.338258,0.36841
./ExpMode,35145,35145,0, 2.94694,2.94694
./ExpMode,35145,35145,1, 3.0499,3.05791
./ExpMode,35145,35145,2, 1.59404,1.62485
./ExpMode,35145,35145,3, 1.21215,1.44851
./ExpMode,35145,35145,4, 0.955954,1.09161
./ExpMode,35145,35145,5, 0.742354,0.878586
./ExpMode,35145,35145,6, 0.610335,0.643396
./ExpMode,35145,35145,7, 0.544303,0.656457
./ExpMode,35145,35145,8, 0.482771,0.519704
./ExpMode,35145,35145,9, 0.434318,0.468819
./ExpMode,35145,35145,10, 0.414397,0.451512
./ExpMode,35145,35145,11, 0.372183,0.456705
./ExpMode,35145,35145,12, 0.330186,0.322634
./ExpMode,35145,35145,13, 0.31317,0.376654
./ExpMode,35145,35145,14, 0.300435,0.366385
./ExpMode,35145,35145,15, 0.283032,0.364263
./ExpMode,35145,35145,16, 0.265601,0.314484
./ExpMode,60145,60145,0, 8.88962,8.88962
./ExpMode,60145,60145,1, 9.03902,8.95123
./ExpMode,60145,60145,2, 4.55933,4.54015
./ExpMode,60145,60145,3, 3.44272,3.63367
./ExpMode,60145,60145,4, 2.36016,2.60258
./ExpMode,60145,60145,5, 2.03321,2.23569
./ExpMode,60145,60145,6, 1.68872,1.98493
./ExpMode,60145,60145,7, 1.52473,1.60996
./ExpMode,60145,60145,8, 1.3478,1.47145
./ExpMode,60145,60145,9, 1.22864,1.27157
./ExpMode,60145,60145,10, 1.08348,1.24638
./ExpMode,60145,60145,11, 1.01127,1.16327
./ExpMode,60145,60145,12, 0.942685,1.08643
./ExpMode,60145,60145,13, 0.900735,0.980149
./ExpMode,60145,60145,14, 0.82926,0.984169
./ExpMode,60145,60145,15, 0.80149,0.89232
./ExpMode,60145,60145,16, 0.74844,0.764891
./ExpMode,50145,50145,0, 6.11207,6.11207
./ExpMode,50145,50145,1, 6.39428,6.37886
./ExpMode,50145,50145,2, 3.2371,3.71401
./ExpMode,50145,50145,3, 2.48342,2.7273
./ExpMode,50145,50145,4, 1.84057,2.10561
./ExpMode,50145,50145,5, 1.55238,1.64368
./ExpMode,50145,50145,6, 1.33557,1.39112
./ExpMode,50145,50145,7, 1.16166,1.30166
./ExpMode,40145,40145,0, 3.97579,3.97579
./ExpMode,40145,40145,1, 4.07176,4.05067
./ExpMode,40145,40145,2, 2.05149,2.10953
./ExpMode,40145,40145,3, 1.52652,1.75678
./ExpMode,40145,40145,4, 1.12335,1.38982
./ExpMode,40145,40145,5, 0.93345,1.10046
./ExpMode,40145,40145,6, 0.792062,0.83466
./ExpMode,40145,40145,7, 0.683177,0.751733
./ExpMode,40145,40145,8, 0.609144,0.74805
./ExpMode,40145,40145,9, 0.55995,0.648199
./ExpMode,40145,40145,10, 0.506143,0.542719
./ExpMode,40145,40145,11, 0.455423,0.533155
./ExpMode,40145,40145,12, 0.423892,0.464798
./ExpMode,40145,40145,13, 0.407576,0.517884
./ExpMode,40145,40145,14, 0.377958,0.453404
./ExpMode,40145,40145,15, 0.360929,0.428702
./ExpMode,40145,40145,16, 0.347318,0.441494
./ExpMode,35145,35145,0, 3.04149,3.04149
./ExpMode,35145,35145,1, 3.17889,3.08804
./ExpMode,35145,35145,2, 1.61417,1.62978
./ExpMode,35145,35145,3, 1.12195,1.38364
./ExpMode,35145,35145,4, 0.885128,1.12877
./ExpMode,35145,35145,5, 0.736431,0.884795
./ExpMode,35145,35145,6, 0.609705,0.751693
./ExpMode,35145,35145,7, 0.55247,0.677411
./ExpMode,35145,35145,8, 0.481511,0.525574
./ExpMode,35145,35145,9, 0.431227,0.52149
./ExpMode,35145,35145,10, 0.397942,0.454088
./ExpMode,35145,35145,11, 0.363079,0.435503
./ExpMode,35145,35145,12, 0.338407,0.365904
./ExpMode,35145,35145,13, 0.328462,0.347915
./ExpMode,35145,35145,14, 0.317476,0.359082
./ExpMode,35145,35145,15, 0.292592,0.372786
./ExpMode,35145,35145,16, 0.287006,0.334956
./ExpMode,60145,60145,0, 8.96825,8.96825
./ExpMode,60145,60145,1, 9.22238,9.17563
./ExpMode,60145,60145,2, 4.92939,5.36892
./ExpMode,60145,60145,3, 3.42238,3.66955
./ExpMode,60145,60145,4, 2.42759,2.67777
./ExpMode,60145,60145,5, 2.05623,2.28586
./ExpMode,60145,60145,6, 1.68622,1.92544
./ExpMode,60145,60145,7, 1.55019,1.7006
./ExpMode,60145,60145,8, 1.32248,1.46061
./ExpMode,60145,60145,9, 1.2232,1.40007
./ExpMode,60145,60145,10, 1.09936,1.25328
./ExpMode,60145,60145,11, 1.04099,1.17589
./ExpMode,60145,60145,12, 0.94468,1.04511
./ExpMode,60145,60145,13, 0.889797,1.01891
./ExpMode,60145,60145,14, 0.854525,0.860992
./ExpMode,60145,60145,15, 0.805187,0.891346
./ExpMode,60145,60145,16, 0.771954,0.793976
./ExpMode,50145,50145,0, 6.29588,6.29588
./ExpMode,50145,50145,1, 6.59334,6.63275
./ExpMode,50145,50145,2, 3.25106,3.32587
./ExpMode,50145,50145,3, 2.34281,2.47126
./ExpMode,50145,50145,4, 1.67223,1.95138
./ExpMode,50145,50145,5, 1.48067,1.60156
./ExpMode,50145,50145,6, 1.1619,1.29602
./ExpMode,50145,50145,7, 1.05149,1.27303
./ExpMode,50145,50145,8, 0.92369,1.04049
./ExpMode,50145,50145,9, 0.862184,1.00158
./ExpMode,50145,50145,10, 0.773567,0.809682
./ExpMode,50145,50145,11, 0.720826,0.837201
./ExpMode,50145,50145,12, 0.675215,0.686207
./ExpMode,50145,50145,13, 0.617014,0.677142
./ExpMode,50145,50145,14, 0.57116,0.625697
./ExpMode,50145,50145,15, 0.551922,0.612674
./ExpMode,50145,50145,16, 0.554221,0.696168
./ExpMode,40145,40145,0, 4.00056,4.00056
./ExpMode,40145,40145,1, 4.0497,4.11537
./ExpMode,40145,40145,2, 2.07451,2.07873
./ExpMode,40145,40145,3, 1.48946,1.83424
./ExpMode,40145,40145,4, 1.08851,1.29553
./ExpMode,40145,40145,5, 0.934156,1.14637
./ExpMode,40145,40145,6, 0.764974,0.848029
./ExpMode,40145,40145,7, 0.708044,0.842955
./ExpMode,40145,40145,8, 0.606195,0.667669
./ExpMode,40145,40145,9, 0.562534,0.64914
./ExpMode,40145,40145,10, 0.5156,0.518575
./ExpMode,40145,40145,11, 0.468686,0.556817
./ExpMode,40145,40145,12, 0.432922,0.492762
./ExpMode,40145,40145,13, 0.396864,0.454461
./ExpMode,40145,40145,14, 0.376838,0.410087
./ExpMode,40145,40145,15, 0.370664,0.427758
./ExpMode,40145,40145,16, 0.347272,0.44983
./ExpMode,35145,35145,0, 2.95999,2.95999
./ExpMode,35145,35145,1, 3.14374,3.19464
./ExpMode,35145,35145,2, 1.64704,1.6275
./ExpMode,35145,35145,3, 1.21487,1.46909
./ExpMode,35145,35145,4, 0.853772,1.03388
./ExpMode,35145,35145,5, 0.714419,0.890613
./ExpMode,35145,35145,6, 0.633405,0.777931
./ExpMode,35145,35145,7, 0.564248,0.601027
./ExpMode,35145,35145,8, 0.474677,0.579
./ExpMode,35145,35145,9, 0.437266,0.5312
./ExpMode,35145,35145,10, 0.403153,0.483999
./ExpMode,35145,35145,11, 0.381336,0.433722
./ExpMode,35145,35145,12, 0.335213,0.413582
./ExpMode,35145,35145,13, 0.323836,0.428823
./ExpMode,35145,35145,14, 0.295805,0.315483
./ExpMode,35145,35145,15, 0.294231,0.346177
./ExpMode,35145,35145,16, 0.286998,0.343568
./ExpMode,60145,60145,0, 8.78132,8.78132
./ExpMode,60145,60145,1, 9.03359,9.08345
./ExpMode,60145,60145,2, 4.5842,4.6941
./ExpMode,60145,60145,3, 3.46417,3.89404
./ExpMode,60145,60145,4, 2.39905,2.91482
./ExpMode,60145,60145,5, 2.07538,2.28099
./ExpMode,60145,60145,6, 1.6742,1.85364
./ExpMode,60145,60145,7, 1.53148,1.70531
./ExpMode,60145,60145,8, 1.32319,1.42425
./ExpMode,60145,60145,9, 1.21946,1.38158
./ExpMode,60145,60145,10, 1.08825,1.16373
./ExpMode,60145,60145,11, 1.02225,1.14806
./ExpMode,60145,60145,12, 0.944171,0.98026
./ExpMode,60145,60145,13, 0.880858,1.04848
./ExpMode,60145,60145,14, 0.831696,0.880369
./ExpMode,60145,60145,15, 0.794453,0.921139
./ExpMode,60145,60145,16, 0.810838,0.789283
./ExpMode,50145,50145,0, 6.27282,6.27282
./ExpMode,50145,50145,1, 6.39666,6.30548
./ExpMode,50145,50145,2, 3.24041,3.25876
./ExpMode,50145,50145,3, 2.38734,2.71698
./ExpMode,50145,50145,4, 1.7241,1.86809
./ExpMode,50145,50145,5, 1.44562,1.64435
./ExpMode,50145,50145,6, 1.19569,1.3417
./ExpMode,50145,50145,7, 1.06284,1.1822
./ExpMode,50145,50145,8, 0.935078,1.02251
./ExpMode,50145,50145,9, 0.848667,0.974326
./ExpMode,50145,50145,10, 0.765086,0.872304
./ExpMode,50145,50145,11, 0.74706,0.814637
./ExpMode,50145,50145,12, 0.66367,0.761664
./ExpMode,50145,50145,13, 0.616656,0.706959
./ExpMode,50145,50145,14, 0.585616,0.607318
./ExpMode,50145,50145,15, 0.554384,0.61663
./ExpMode,50145,50145,16, 0.523293,0.601039
./ExpMode,40145,40145,0, 4.03078,4.03078
./ExpMode,40145,40145,1, 4.10589,4.1213
./ExpMode,40145,40145,2, 2.09592,2.11156
./ExpMode,40145,40145,3, 1.54466,1.80786
./ExpMode,40145,40145,4, 1.0817,1.25129
./ExpMode,40145,40145,5, 0.925551,1.1519
./ExpMode,40145,40145,6, 0.785887,0.959535
./ExpMode,40145,40145,7, 0.697889,0.800115
./ExpMode,40145,40145,8, 0.623976,0.70786
./ExpMode,40145,40145,9, 0.550851,0.656059
./ExpMode,40145,40145,10, 0.512121,0.553299
./ExpMode,40145,40145,11, 0.470846,0.536619
./ExpMode,40145,40145,12, 0.423289,0.451099
./ExpMode,40145,40145,13, 0.403306,0.486112
./ExpMode,40145,40145,14, 0.386232,0.423745
./ExpMode,40145,40145,15, 0.361696,0.476234
./ExpMode,40145,40145,16, 0.365357,0.369588
./ExpMode,35145,35145,0, 3.08284,3.08284
./ExpMode,35145,35145,1, 3.20932,3.20818
./ExpMode,35145,35145,2, 1.64029,1.6183
./ExpMode,35145,35145,3, 1.17091,1.40593
./ExpMode,35145,35145,4, 0.896957,1.10962
./ExpMode,35145,35145,5, 0.734349,0.876593
./ExpMode,35145,35145,6, 0.589884,0.733503
./ExpMode,35145,35145,7, 0.553566,0.646793
./ExpMode,35145,35145,8, 0.469805,0.563033
./ExpMode,35145,35145,9, 0.433373,0.501193
./ExpMode,35145,35145,10, 0.377936,0.482142
./ExpMode,35145,35145,11, 0.362588,0.428469
./ExpMode,35145,35145,12, 0.330439,0.386047
./ExpMode,35145,35145,13, 0.309742,0.351751
./ExpMode,35145,35145,14, 0.290327,0.283895
./ExpMode,35145,35145,15, 0.273378,0.386982
./ExpMode,35145,35145,16, 0.290922,0.385427
./ExpMode,60145,60145,0, 8.84912,8.84912
./ExpMode,60145,60145,1, 9.3176,9.22789
./ExpMode,60145,60145,2, 4.65543,4.76021
./ExpMode,60145,60145,3, 3.45654,3.86269
./ExpMode,60145,60145,4, 2.48734,2.52742
./ExpMode,60145,60145,5, 2.12036,2.31626
./ExpMode,60145,60145,6, 1.7029,1.86249
./ExpMode,60145,60145,7, 1.51109,1.73404
./ExpMode,60145,60145,8, 1.31535,1.48151
./ExpMode,60145,60145,9, 1.19669,1.33116
./ExpMode,60145,60145,10, 1.09515,1.21483
./ExpMode,60145,60145,11, 1.01278,1.16203
./ExpMode,60145,60145,12, 0.929082,1.01067
./ExpMode,60145,60145,13, 0.883818,1.02274
./ExpMode,60145,60145,14, 0.816971,0.909063
./ExpMode,60145,60145,15, 0.785099,0.896396
./ExpMode,60145,60145,16, 0.743172,0.823404
./ExpMode,100943,100943,0, 24.5731,24.5731
./ExpMode,100943,100943,1, 25.1494,25.1715
./ExpMode,100943,100943,2, 13.3439,12.9613
./ExpMode,100943,100943,3, 9.68353,10.2243
./ExpMode,100943,100943,4, 6.76706,6.94469
./ExpMode,100943,100943,5, 5.74583,6.02341
./ExpMode,100943,100943,6, 4.6578,4.88962
./ExpMode,100943,100943,7, 4.17391,4.64966
./ExpMode,100943,100943,8, 3.59477,3.7978
./ExpMode,100943,100943,9, 3.37014,3.59106
./ExpMode,100943,100943,10, 3.03111,3.2277
./ExpMode,100943,100943,11, 2.83482,2.96124
./ExpMode,100943,100943,12, 2.65046,2.74365
./ExpMode,100943,100943,13, 2.47093,2.69239
./ExpMode,100943,100943,14, 2.30653,2.4334
./ExpMode,100943,100943,15, 2.20561,2.32849
./ExpMode,100943,100943,16, 2.06773,2.1601
./ExpMode,70943,70943,0, 12.0139,12.0139
./ExpMode,70943,70943,1, 12.4152,12.4892
./ExpMode,70943,70943,2, 6.49662,6.41964
./ExpMode,70943,70943,3, 4.71667,4.97125
./ExpMode,70943,70943,4, 3.29376,3.69613
./ExpMode,70943,70943,5, 2.8838,3.27808
./ExpMode,70943,70943,6, 2.34675,2.50341
./ExpMode,70943,70943,7, 2.09771,2.32035
./ExpMode,70943,70943,8, 1.83869,1.95586
./ExpMode,70943,70943,9, 1.67275,1.87345
./ExpMode,70943,70943,10, 1.50549,1.62516
./ExpMode,70943,70943,11, 1.40979,1.58345
./ExpMode,70943,70943,12, 1.30478,1.38427
./ExpMode,70943,70943,13, 1.24246,1.38446
./ExpMode,70943,70943,14, 1.15596,1.20474
./ExpMode,70943,70943,15, 1.09309,1.19709
./ExpMode,70943,70943,16, 1.04176,1.18319
./ExpMode,100943,100943,0, 25.5562,25.5562
./ExpMode,100943,100943,1, 26.1123,25.9857
./ExpMode,100943,100943,2, 13.1139,13.3441
./ExpMode,100943,100943,3, 9.38969,10.2475
./ExpMode,100943,100943,4, 6.8648,7.07045
./ExpMode,100943,100943,5, 5.69313,6.13277
./ExpMode,100943,100943,6, 4.77929,5.49713
./ExpMode,100943,100943,7, 4.3375,4.68772
./ExpMode,100943,100943,8, 3.96208,4.3508
./ExpMode,100943,100943,9, 3.53549,3.7515
./ExpMode,100943,100943,10, 3.07617,3.284
./ExpMode,100943,100943,11, 2.85213,3.18786
./ExpMode,100943,100943,12, 2.64402,2.99739
./ExpMode,100943,100943,13, 2.57398,2.75821
./ExpMode,100943,100943,14, 2.38454,2.52768
./ExpMode,100943,100943,15, 2.31716,2.47106
./ExpMode,100943,100943,16, 2.17028,2.40919
./ExpMode,70943,70943,0, 12.3987,12.3987
./ExpMode,70943,70943,1, 12.7211,12.8483
./ExpMode,70943,70943,2, 6.76585,7.21557
./ExpMode,70943,70943,3, 4.91398,5.24034
./ExpMode,70943,70943,4, 3.54612,3.64644
./ExpMode,70943,70943,5, 2.91939,3.23449
./ExpMode,70943,70943,6, 2.40479,2.53201
./ExpMode,70943,70943,7, 2.14987,2.31792
./ExpMode,70943,70943,8, 1.85006,2.01425
./ExpMode,70943,70943,9, 1.67643,1.85888
./ExpMode,70943,70943,10, 1.51114,1.57249
./ExpMode,70943,70943,11, 1.4492,1.57215
./ExpMode,70943,70943,12, 1.29969,1.43751
./ExpMode,70943,70943,13, 1.22727,1.40226
./ExpMode,70943,70943,14, 1.15133,1.20179
./ExpMode,70943,70943,15, 1.09667,1.30353
./ExpMode,70943,70943,16, 1.05035,1.04944
./ExpMode,100943,100943,0, 24.4654,24.4654
./ExpMode,100943,100943,1, 25.0714,25.1128
./ExpMode,100943,100943,2, 13.1415,13.1243
./ExpMode,100943,100943,3, 9.89774,10.3658
./ExpMode,100943,100943,4, 6.86826,6.97305
./ExpMode,100943,100943,5, 5.99681,6.31741
./ExpMode,100943,100943,6, 4.72903,5.13795
./ExpMode,100943,100943,7, 4.46607,4.88399
./ExpMode,100943,100943,8, 3.82962,3.785
./ExpMode,100943,100943,9, 3.38455,3.56614
./ExpMode,100943,100943,10, 3.05984,3.42184
./ExpMode,100943,100943,11, 2.93925,3.03448
./ExpMode,100943,100943,12, 2.61841,2.7035
./ExpMode,100943,100943,13, 2.4834,2.66
./ExpMode,100943,100943,14, 2.29632,2.33142
./ExpMode,100943,100943,15, 2.20408,2.36935
./ExpMode,100943,100943,16, 2.08227,2.16789
./ExpMode,70943,70943,0, 11.9281,11.9281
./ExpMode,70943,70943,1, 12.3453,12.4556
./ExpMode,70943,70943,2, 6.43401,6.49291
./ExpMode,70943,70943,3, 4.57501,5.12884
./ExpMode,70943,70943,4, 3.29018,3.53939
./ExpMode,70943,70943,5, 2.86235,3.00615
./ExpMode,70943,70943,6, 2.37648,2.44168
./ExpMode,70943,70943,7, 2.10917,2.26754
./ExpMode,70943,70943,8, 1.78465,1.97464
./ExpMode,70943,70943,9, 1.67347,1.90337
./ExpMode,70943,70943,10, 1.52611,1.70217
./ExpMode,70943,70943,11, 1.41091,1.54152
./ExpMode,70943,70943,12, 1.29028,1.39495
./ExpMode,70943,70943,13, 1.23658,1.36054
./ExpMode,70943,70943,14, 1.14395,1.17082
./ExpMode,70943,70943,15, 1.09285,1.19549
./ExpMode,70943,70943,16, 1.03486,1.10405
./ExpMode,100943,100943,0, 24.1628,24.1628
./ExpMode,100943,100943,1, 24.973,25.048
./ExpMode,100943,100943,2, 13.3152,12.9842
./ExpMode,100943,100943,3, 9.44278,9.69798
./ExpMode,100943,100943,4, 6.63267,6.86862
./ExpMode,100943,100943,5, 5.71777,6.06853
./ExpMode,100943,100943,6, 4.67517,4.83123
./ExpMode,100943,100943,7, 4.09395,4.5853
./ExpMode,100943,100943,8, 3.6656,3.87912
./ExpMode,100943,100943,9, 3.34161,3.65551
./ExpMode,100943,100943,10, 2.97931,3.13709
./ExpMode,100943,100943,11, 2.87507,2.99131
./ExpMode,100943,100943,12, 2.59499,2.67183
./ExpMode,100943,100943,13, 2.47199,2.65928
./ExpMode,100943,100943,14, 2.30804,2.39629
./ExpMode,100943,100943,15, 2.20944,2.26693
./ExpMode,100943,100943,16, 2.09691,2.09028
./ExpMode,70943,70943,0, 12.3191,12.3191
./ExpMode,70943,70943,1, 12.6813,13.0061
./ExpMode,70943,70943,2, 6.73707,6.57224
./ExpMode,70943,70943,3, 4.9738,5.12861
./ExpMode,70943,70943,4, 3.31171,3.68162
./ExpMode,70943,70943,5, 2.79668,3.13144
./ExpMode,70943,70943,6, 2.3385,2.5793
./ExpMode,70943,70943,7, 2.10076,2.32573
./ExpMode,70943,70943,8, 1.80177,1.95913
./ExpMode,70943,70943,9, 1.69573,1.90233
./ExpMode,70943,70943,10, 1.49107,1.57135
./ExpMode,70943,70943,11, 1.39092,1.56638
./ExpMode,70943,70943,12, 1.29321,1.34028
./ExpMode,70943,70943,13, 1.23208,1.39408
./ExpMode,70943,70943,14, 1.15593,1.17975
./ExpMode,70943,70943,15, 1.08884,1.24901
./ExpMode,70943,70943,16, 1.03292,1.10361
./ExpMode,100943,100943,0, 25.4103,25.4103
./ExpMode,100943,100943,1, 25.6998,25.7165
./ExpMode,100943,100943,2, 12.8947,12.6985
./ExpMode,100943,100943,3, 9.37186,9.93373
./ExpMode,100943,100943,4, 6.6582,7.01585
./ExpMode,100943,100943,5, 5.77397,6.28108
./ExpMode,100943,100943,6, 4.74582,4.87783
./ExpMode,100943,100943,7, 4.25191,4.51654
./ExpMode,100943,100943,8, 3.62021,3.74973
./ExpMode,100943,100943,9, 3.3519,3.49815
./ExpMode,100943,100943,10, 3.01461,3.16722
./ExpMode,100943,100943,11, 2.86363,3.11044
./ExpMode,100943,100943,12, 2.57092,2.69564
./ExpMode,100943,100943,13, 2.48304,2.67684
./ExpMode,100943,100943,14, 2.33029,2.35227
./ExpMode,100943,100943,15, 2.21169,2.45943
./ExpMode,100943,100943,16, 2.0964,2.1356
./ExpMode,70943,70943,0, 12.9342,12.9342
./ExpMode,70943,70943,1, 12.8971,12.8464
./ExpMode,70943,70943,2, 6.47883,6.59879
./ExpMode,70943,70943,3, 4.72573,5.00555
./ExpMode,70943,70943,4, 3.26334,3.56421
./ExpMode,70943,70943,5, 2.82174,3.13524
./ExpMode,70943,70943,6, 2.36267,2.51689
./ExpMode,70943,70943,7, 2.06632,2.33543
./ExpMode,70943,70943,8, 1.83241,1.98173
./ExpMode,70943,70943,9, 1.68886,1.88657
./ExpMode,70943,70943,10, 1.50791,1.62439
./ExpMode,70943,70943,11, 1.39898,1.60557
./ExpMode,70943,70943,12, 1.30754,1.44861
./ExpMode,70943,70943,13, 1.2333,1.36515
./ExpMode,70943,70943,14, 1.14938,1.24993
./ExpMode,70943,70943,15, 1.11516,1.24228
./ExpMode,70943,70943,16, 1.03908,1.05117
./ExpMaxBalSub,100943,100943,0, 41.0675,41.0675
./ExpMaxBalSub,100943,100943,1, 45.9883,44.5368
./ExpMaxBalSub,100943,100943,2, 22.6585,36.4748
./ExpMaxBalSub,100943,100943,3, 17.139,25.8704
./ExpMaxBalSub,100943,100943,4, 11.8486,20.3359
./ExpMaxBalSub,100943,100943,5, 10.2075,17.0348
./ExpMaxBalSub,100943,100943,6, 8.2142,14.7267
./ExpMaxBalSub,100943,100943,7, 7.38687,12.7898
./ExpMaxBalSub,100943,100943,8, 6.46232,11.4768
./ExpMaxBalSub,100943,100943,9, 5.92765,10.4148
./ExpMaxBalSub,100943,100943,10, 5.31249,9.43013
./ExpMaxBalSub,100943,100943,11, 4.99907,8.9735
./ExpMaxBalSub,100943,100943,12, 4.55004,8.12606
./ExpMaxBalSub,100943,100943,13, 4.40336,7.66902
./ExpMaxBalSub,100943,100943,14, 4.05725,7.11058
./ExpMaxBalSub,100943,100943,15, 3.88456,6.68524
./ExpMaxBalSub,100943,100943,16, 3.67154,6.324
./ExpMaxBalSub,70943,70943,0, 20.4187,20.4187
./ExpMaxBalSub,70943,70943,1, 22.6028,22.0846
./ExpMaxBalSub,70943,70943,2, 11.164,16.4038
./ExpMaxBalSub,70943,70943,3, 7.97238,12.4343
./ExpMaxBalSub,70943,70943,4, 5.81073,10.2998
./ExpMaxBalSub,70943,70943,5, 5.02948,8.4181
./ExpMaxBalSub,70943,70943,6, 4.12304,7.44127
./ExpMaxBalSub,70943,70943,7, 3.68098,6.34161
./ExpMaxBalSub,70943,70943,8, 3.18153,5.75936
./ExpMaxBalSub,70943,70943,9, 2.8767,5.07132
./ExpMaxBalSub,70943,70943,10, 2.59885,4.76716
./ExpMaxBalSub,70943,70943,11, 2.46013,4.28672
./ExpMaxBalSub,70943,70943,12, 2.26094,3.99352
./ExpMaxBalSub,70943,70943,13, 2.15066,3.74715
./ExpMaxBalSub,70943,70943,14, 2.00601,3.46594
./ExpMaxBalSub,70943,70943,15, 1.91898,3.48926
./ExpMaxBalSub,70943,70943,16, 1.80742,3.10133
./ExpMaxBalSub,105943,105943,0, 46.3411,46.3411
./ExpMaxBalSub,105943,105943,1, 51.3027,49.3556
./ExpMaxBalSub,105943,105943,2, 24.9411,37.3108
./ExpMaxBalSub,105943,105943,3, 18.3353,28.8103
./ExpMaxBalSub,105943,105943,4, 13.0193,22.5601
./ExpMaxBalSub,105943,105943,5, 11.1229,18.8998
./ExpMaxBalSub,105943,105943,6, 9.12538,15.8418
./ExpMaxBalSub,105943,105943,7, 8.33444,14.6084
./ExpMaxBalSub,105943,105943,8, 7.05525,12.2576
./ExpMaxBalSub,105943,105943,9, 6.51344,11.33
./ExpMaxBalSub,105943,105943,10, 5.92482,10.2919
./ExpMaxBalSub,105943,105943,11, 5.54742,9.48671
./ExpMaxBalSub,105943,105943,12, 5.11797,8.77936
./ExpMaxBalSub,105943,105943,13, 4.84436,8.43195
./ExpMaxBalSub,105943,105943,14, 4.49466,7.92092
./ExpMaxBalSub,105943,105943,15, 4.29362,7.19477
./ExpMaxBalSub,105943,105943,16, 4.09938,7.07466
./ExpMaxBalSub,85943,85943,0, 30.4794,30.4794
./ExpMaxBalSub,85943,85943,1, 34.1078,33.2153
./ExpMaxBalSub,85943,85943,2, 16.5685,24.5369
./ExpMaxBalSub,85943,85943,3, 12.0391,18.6678
./ExpMaxBalSub,85943,85943,4, 8.46534,15.1939
./ExpMaxBalSub,85943,85943,5, 7.21713,13.0715
./ExpMaxBalSub,85943,85943,6, 6.09735,10.5959
./ExpMaxBalSub,85943,85943,7, 5.39628,9.44249
./ExpMaxBalSub,85943,85943,8, 4.67994,8.41418
./ExpMaxBalSub,85943,85943,9, 4.28873,7.58502
./ExpMaxBalSub,85943,85943,10, 3.91342,6.91435
./ExpMaxBalSub,85943,85943,11, 3.68061,6.22843
./ExpMaxBalSub,85943,85943,12, 3.35758,5.70829
./ExpMaxBalSub,85943,85943,13, 3.16166,5.43002
./ExpMaxBalSub,85943,85943,14, 2.93616,5.14478
./ExpMaxBalSub,85943,85943,15, 2.8308,4.90518
./ExpMaxBalSub,85943,85943,16, 2.66868,4.5687
./ExpMaxBalSub,100943,100943,0, 40.0469,40.0469
./ExpMaxBalSub,100943,100943,1, 44.8677,44.2122
./ExpMaxBalSub,100943,100943,2, 22.7959,33.2655
./ExpMaxBalSub,100943,100943,3, 16.6291,25.3241
./ExpMaxBalSub,100943,100943,4, 11.969,20.9362
./ExpMaxBalSub,100943,100943,5, 10.1898,17.1701
./ExpMaxBalSub,100943,100943,6, 8.27321,14.6392
./ExpMaxBalSub,100943,100943,7, 7.46668,13.1492
./ExpMaxBalSub,100943,100943,8, 6.46011,11.1296
./ExpMaxBalSub,100943,100943,9, 5.91128,10.2893
./ExpMaxBalSub,100943,100943,10, 5.35777,9.40005
./ExpMaxBalSub,100943,100943,11, 5.02666,8.79422
./ExpMaxBalSub,100943,100943,12, 4.54319,8.19241
./ExpMaxBalSub,100943,100943,13, 4.38014,7.61312
./ExpMaxBalSub,100943,100943,14, 4.05616,7.16809
./ExpMaxBalSub,100943,100943,15, 3.91481,6.87263
./ExpMaxBalSub,100943,100943,16, 3.68192,6.37537
./ExpMaxBalSub,70943,70943,0, 20.6133,20.6133
./ExpMaxBalSub,70943,70943,1, 23.4453,22.7995
./ExpMaxBalSub,70943,70943,2, 11.3034,16.8403
./ExpMaxBalSub,70943,70943,3, 8.08047,12.3428
./ExpMaxBalSub,70943,70943,4, 5.78878,9.92901
./ExpMaxBalSub,70943,70943,5, 4.97383,8.68609
./ExpMaxBalSub,70943,70943,6, 4.13991,7.45057
./ExpMaxBalSub,70943,70943,7, 3.61247,6.45243
./ExpMaxBalSub,70943,70943,8, 3.15832,5.73805
./ExpMaxBalSub,70943,70943,9, 2.95671,5.06918
./ExpMaxBalSub,70943,70943,10, 2.60493,4.79541
./ExpMaxBalSub,70943,70943,11, 2.46931,4.51316
./ExpMaxBalSub,70943,70943,12, 2.25116,4.01604
./ExpMaxBalSub,70943,70943,13, 2.13611,3.90321
./ExpMaxBalSub,70943,70943,14, 2.0217,3.6436
./ExpMaxBalSub,70943,70943,15, 1.94575,3.4185
./ExpMaxBalSub,70943,70943,16, 1.81492,3.21378
./ExpMaxBalSub,105943,105943,0, 45.8418,45.8418
./ExpMaxBalSub,105943,105943,1, 50.6464,50.1651
./ExpMaxBalSub,105943,105943,2, 25.2409,37.7907
./ExpMaxBalSub,105943,105943,3, 18.7121,28.7048
./ExpMaxBalSub,105943,105943,4, 13.0822,22.5984
./ExpMaxBalSub,105943,105943,5, 11.1584,19.115
./ExpMaxBalSub,105943,105943,6, 9.10547,16.0413
./ExpMaxBalSub,105943,105943,7, 8.11703,14.4629
./ExpMaxBalSub,105943,105943,8, 7.13102,12.6562
./ExpMaxBalSub,105943,105943,9, 6.5486,11.5962
./ExpMaxBalSub,105943,105943,10, 5.88758,10.1021
./ExpMaxBalSub,105943,105943,11, 5.47265,9.61796
./ExpMaxBalSub,105943,105943,12, 4.99719,8.88773
./ExpMaxBalSub,105943,105943,13, 4.78291,8.64246
./ExpMaxBalSub,105943,105943,14, 4.4567,7.8742
./ExpMaxBalSub,105943,105943,15, 4.32706,7.21066
./ExpMaxBalSub,105943,105943,16, 4.0467,6.83232
./ExpMaxBalSub,85943,85943,0, 28.8608,28.8608
./ExpMaxBalSub,85943,85943,1, 32.5891,31.8038
./ExpMaxBalSub,85943,85943,2, 16.5319,23.8237
./ExpMaxBalSub,85943,85943,3, 12.3094,18.2691
./ExpMaxBalSub,85943,85943,4, 8.55375,14.6671
./ExpMaxBalSub,85943,85943,5, 7.40074,12.2201
./ExpMaxBalSub,85943,85943,6, 5.9975,10.3257
./ExpMaxBalSub,85943,85943,7, 5.24647,9.2091
./ExpMaxBalSub,85943,85943,8, 4.69053,8.32162
./ExpMaxBalSub,85943,85943,9, 4.26682,7.35279
./ExpMaxBalSub,85943,85943,10, 3.82655,7.00125
./ExpMaxBalSub,85943,85943,11, 3.60003,6.37171
./ExpMaxBalSub,85943,85943,12, 3.35407,5.94051
./ExpMaxBalSub,85943,85943,13, 3.14307,5.62612
./ExpMaxBalSub,85943,85943,14, 2.91893,5.17831
./ExpMaxBalSub,85943,85943,15, 2.83631,4.98743
./ExpMaxBalSub,85943,85943,16, 2.67418,4.68172
./ExpMaxBalSub,100943,100943,0, 40.7525,40.7525
./ExpMaxBalSub,100943,100943,1, 46.685,44.5071
./ExpMaxBalSub,100943,100943,2, 22.8058,34.6025
./ExpMaxBalSub,100943,100943,3, 16.544,25.8774
./ExpMaxBalSub,100943,100943,4, 11.7224,20.0646
./ExpMaxBalSub,100943,100943,5, 9.89976,17.1273
./ExpMaxBalSub,100943,100943,6, 8.24976,14.7336
./ExpMaxBalSub,100943,100943,7, 7.39778,12.5216
./ExpMaxBalSub,100943,100943,8, 6.29806,11.5646
./ExpMaxBalSub,100943,100943,9, 5.91468,10.1045
./ExpMaxBalSub,100943,100943,10, 5.34024,9.57465
./ExpMaxBalSub,100943,100943,11, 4.97091,8.73211
./ExpMaxBalSub,100943,100943,12, 4.59433,8.05268
./ExpMaxBalSub,100943,100943,13, 4.40694,7.38238
./ExpMaxBalSub,100943,100943,14, 4.03877,6.93691
./ExpMaxBalSub,100943,100943,15, 3.88907,6.88743
./ExpMaxBalSub,100943,100943,16, 3.68107,6.70177
./ExpMaxBalSub,70943,70943,0, 20.8612,20.8612
./ExpMaxBalSub,70943,70943,1, 23.1931,22.6293
./ExpMaxBalSub,70943,70943,2, 11.3747,16.9018
./ExpMaxBalSub,70943,70943,3, 8.35965,12.743
./ExpMaxBalSub,70943,70943,4, 5.90873,10.044
./ExpMaxBalSub,70943,70943,5, 4.86387,8.45401
./ExpMaxBalSub,70943,70943,6, 4.07134,7.16261
./ExpMaxBalSub,70943,70943,7, 3.6987,6.25897
./ExpMaxBalSub,70943,70943,8, 3.20773,5.74475
./ExpMaxBalSub,70943,70943,9, 2.86523,5.24916
./ExpMaxBalSub,70943,70943,10, 2.64324,4.85732
./ExpMaxBalSub,70943,70943,11, 2.47227,4.54656
./ExpMaxBalSub,70943,70943,12, 2.25734,4.01805
./ExpMaxBalSub,70943,70943,13, 2.1444,3.8426
./ExpMaxBalSub,70943,70943,14, 2.00831,3.48021
./ExpMaxBalSub,70943,70943,15, 1.92176,3.34816
./ExpMaxBalSub,70943,70943,16, 1.80877,3.17746
./ExpMaxBalSub,105943,105943,0, 46.9341,46.9341
./ExpMaxBalSub,105943,105943,1, 51.9387,50.6803
./ExpMaxBalSub,105943,105943,2, 25.0301,37.5254
./ExpMaxBalSub,105943,105943,3, 18.141,28.3215
./ExpMaxBalSub,105943,105943,4, 12.9983,22.4322
./ExpMaxBalSub,105943,105943,5, 11.1174,18.6402
./ExpMaxBalSub,105943,105943,6, 9.14752,15.7073
./ExpMaxBalSub,105943,105943,7, 8.39973,13.9438
./ExpMaxBalSub,105943,105943,8, 7.11006,12.7409
./ExpMaxBalSub,105943,105943,9, 6.57942,11.6861
./ExpMaxBalSub,105943,105943,10, 5.86017,10.1621
./ExpMaxBalSub,105943,105943,11, 5.48183,9.52322
./ExpMaxBalSub,105943,105943,12, 5.03992,9.08878
./ExpMaxBalSub,105943,105943,13, 4.81872,8.15587
./ExpMaxBalSub,105943,105943,14, 4.46328,7.6865
./ExpMaxBalSub,105943,105943,15, 4.30699,7.21189
./ExpMaxBalSub,105943,105943,16, 4.03597,6.92842
./ExpMaxBalSub,85943,85943,0, 30.5692,30.5692
./ExpMaxBalSub,85943,85943,1, 33.96,33.3021
./ExpMaxBalSub,85943,85943,2, 16.7379,24.7701
./ExpMaxBalSub,85943,85943,3, 12.252,18.4752
./ExpMaxBalSub,85943,85943,4, 8.77057,15.2487
./ExpMaxBalSub,85943,85943,5, 7.31878,12.498
./ExpMaxBalSub,85943,85943,6, 6.00845,10.8843
./ExpMaxBalSub,85943,85943,7, 5.54015,8.97965
./ExpMaxBalSub,85943,85943,8, 4.69781,8.53298
./ExpMaxBalSub,85943,85943,9, 4.30826,7.18211
./ExpMaxBalSub,85943,85943,10, 3.86323,7.00097
./ExpMaxBalSub,85943,85943,11, 3.62672,6.4037
./ExpMaxBalSub,85943,85943,12, 3.29359,5.94898
./ExpMaxBalSub,85943,85943,13, 3.18329,5.64903
./ExpMaxBalSub,85943,85943,14, 2.94034,5.31586
./ExpMaxBalSub,85943,85943,15, 2.83833,4.97898
./ExpMaxBalSub,85943,85943,16, 2.67981,4.69415
./ExpMaxBalSub,100943,100943,0, 41.3549,41.3549
./ExpMaxBalSub,100943,100943,1, 46.3843,45.2743
./ExpMaxBalSub,100943,100943,2, 22.7378,33.9373
./ExpMaxBalSub,100943,100943,3, 16.9414,25.2705
./ExpMaxBalSub,100943,100943,4, 11.6717,20.6086
./ExpMaxBalSub,100943,100943,5, 10.1307,17.151
./ExpMaxBalSub,100943,100943,6, 8.20964,14.7087
./ExpMaxBalSub,100943,100943,7, 7.47582,12.8813
./ExpMaxBalSub,100943,100943,8, 6.41152,11.6244
./ExpMaxBalSub,100943,100943,9, 5.9294,10.3052
./ExpMaxBalSub,100943,100943,10, 5.32004,9.58152
./ExpMaxBalSub,100943,100943,11, 4.98967,8.85818
./ExpMaxBalSub,100943,100943,12, 4.52859,8.05438
./ExpMaxBalSub,100943,100943,13, 4.35637,7.49276
./ExpMaxBalSub,100943,100943,14, 4.06651,7.21651
./ExpMaxBalSub,100943,100943,15, 3.88818,6.5644
./ExpMaxBalSub,100943,100943,16, 3.67571,6.37203
./ExpMaxBalSub,70943,70943,0, 19.6961,19.6961
./ExpMaxBalSub,70943,70943,1, 22.0894,21.6605
./ExpMaxBalSub,70943,70943,2, 11.2466,16.5381
./ExpMaxBalSub,70943,70943,3, 8.09898,12.4193
./ExpMaxBalSub,70943,70943,4, 5.66778,10.2059
./ExpMaxBalSub,70943,70943,5, 4.93451,8.52084
./ExpMaxBalSub,70943,70943,6, 4.04578,7.02802
./ExpMaxBalSub,70943,70943,7, 3.62398,6.0537
./ExpMaxBalSub,70943,70943,8, 3.18342,5.7151
./ExpMaxBalSub,70943,70943,9, 2.92723,5.12707
./ExpMaxBalSub,70943,70943,10, 2.64692,4.74832
./ExpMaxBalSub,70943,70943,11, 2.4883,4.20911
./ExpMaxBalSub,70943,70943,12, 2.25203,3.88747
./ExpMaxBalSub,70943,70943,13, 2.15356,3.71523
./ExpMaxBalSub,70943,70943,14, 2.04005,3.54931
./ExpMaxBalSub,70943,70943,15, 1.92676,3.46402
./ExpMaxBalSub,70943,70943,16, 1.81303,3.13433
./ExpMaxBalSub,105943,105943,0, 46.3487,46.3487
./ExpMaxBalSub,105943,105943,1, 50.3851,50.1075
./ExpMaxBalSub,105943,105943,2, 25.1633,37.7432
./ExpMaxBalSub,105943,105943,3, 18.7582,28.086
./ExpMaxBalSub,105943,105943,4, 13.1557,22.8152
./ExpMaxBalSub,105943,105943,5, 10.6717,18.6056
./ExpMaxBalSub,105943,105943,6, 9.11048,16.0407
./ExpMaxBalSub,105943,105943,7, 8.25344,14.5701
./ExpMaxBalSub,105943,105943,8, 7.1484,12.652
./ExpMaxBalSub,105943,105943,9, 6.5806,11.6007
./ExpMaxBalSub,105943,105943,10, 5.96552,10.4761
./ExpMaxBalSub,105943,105943,11, 5.54859,9.76195
./ExpMaxBalSub,105943,105943,12, 5.12724,9.18044
./ExpMaxBalSub,105943,105943,13, 4.84805,8.45721
./ExpMaxBalSub,105943,105943,14, 4.49678,7.96104
./ExpMaxBalSub,105943,105943,15, 4.30071,7.37654
./ExpMaxBalSub,105943,105943,16, 4.0599,6.98738
./ExpMaxBalSub,85943,85943,0, 30.6281,30.6281
./ExpMaxBalSub,85943,85943,1, 33.9798,33.1466
./ExpMaxBalSub,85943,85943,2, 16.8062,24.7408
./ExpMaxBalSub,85943,85943,3, 12.0008,18.4037
./ExpMaxBalSub,85943,85943,4, 8.42082,15.0554
./ExpMaxBalSub,85943,85943,5, 7.28002,12.4988
./ExpMaxBalSub,85943,85943,6, 6.02019,10.7944
./ExpMaxBalSub,85943,85943,7, 5.35948,9.3819
./ExpMaxBalSub,85943,85943,8, 4.68382,8.42015
./ExpMaxBalSub,85943,85943,9, 4.27634,7.7144
./ExpMaxBalSub,85943,85943,10, 3.85065,6.97622
./ExpMaxBalSub,85943,85943,11, 3.58577,6.29034
./ExpMaxBalSub,85943,85943,12, 3.31579,5.84737
./ExpMaxBalSub,85943,85943,13, 3.14415,5.5001
./ExpMaxBalSub,85943,85943,14, 2.94219,5.19485
./ExpMaxBalSub,85943,85943,15, 2.84135,4.85836
./ExpMaxBalSub,85943,85943,16, 2.70058,4.53402
./ExpMaxBalSub,100943,100943,0, 40.6603,40.6603
./ExpMaxBalSub,100943,100943,1, 45.6317,45.0918
./ExpMaxBalSub,100943,100943,2, 22.997,33.1173
./ExpMaxBalSub,100943,100943,3, 17.1991,25.7035
./ExpMaxBalSub,100943,100943,4, 11.8839,20.3364
./ExpMaxBalSub,100943,100943,5, 10.1859,17.253
./ExpMaxBalSub,100943,100943,6, 8.22333,14.8309
./ExpMaxBalSub,100943,100943,7, 7.55477,12.7832
./ExpMaxBalSub,100943,100943,8, 6.31676,11.5802
./ExpMaxBalSub,100943,100943,9, 5.87,10.0827
./ExpMaxBalSub,100943,100943,10, 5.30367,9.38495
./ExpMaxBalSub,100943,100943,11, 4.99959,8.86753
./ExpMaxBalSub,100943,100943,12, 4.61121,8.1746
./ExpMaxBalSub,100943,100943,13, 4.3822,7.6361
./ExpMaxBalSub,100943,100943,14, 4.02836,7.04893
./ExpMaxBalSub,100943,100943,15, 3.91801,6.7767
./ExpMaxBalSub,100943,100943,16, 3.6761,6.44297
./ExpMaxBalSub,70943,70943,0, 20.1564,20.1564
./ExpMaxBalSub,70943,70943,1, 22.4322,22.2243
./ExpMaxBalSub,70943,70943,2, 11.2134,16.6708
./ExpMaxBalSub,70943,70943,3, 8.49798,12.7278
./ExpMaxBalSub,70943,70943,4, 5.77146,10.1957
./ExpMaxBalSub,70943,70943,5, 5.01868,8.22591
./ExpMaxBalSub,70943,70943,6, 4.11452,7.22675
./ExpMaxBalSub,70943,70943,7, 3.73447,6.42623
./ExpMaxBalSub,70943,70943,8, 3.19727,5.65258
./ExpMaxBalSub,70943,70943,9, 2.94911,5.09085
./ExpMaxBalSub,70943,70943,10, 2.59536,4.74218
./ExpMaxBalSub,70943,70943,11, 2.44798,4.2867
./ExpMaxBalSub,70943,70943,12, 2.27763,4.08343
./ExpMaxBalSub,70943,70943,13, 2.17619,3.79932
./ExpMaxBalSub,70943,70943,14, 1.98964,3.52807
./ExpMaxBalSub,70943,70943,15, 1.92592,3.40235
./ExpMaxBalSub,70943,70943,16, 1.81479,3.15213
./ExpMaxBalSub,105943,105943,0, 44.8668,44.8668
./ExpMaxBalSub,105943,105943,1, 51.4584,50.3747
./ExpMaxBalSub,105943,105943,2, 25.0977,37.7755
./ExpMaxBalSub,105943,105943,3, 18.771,27.938
./ExpMaxBalSub,105943,105943,4, 12.8573,21.6084
./ExpMaxBalSub,105943,105943,5, 11.1982,18.5222
./ExpMaxBalSub,105943,105943,6, 9.12372,15.9217
./ExpMaxBalSub,105943,105943,7, 8.20653,14.2211
./ExpMaxBalSub,105943,105943,8, 7.08346,12.4467
./ExpMaxBalSub,105943,105943,9, 6.4493,11.374
./ExpMaxBalSub,105943,105943,10, 5.88231,10.377
./ExpMaxBalSub,105943,105943,11, 5.46506,9.70053
./ExpMaxBalSub,105943,105943,12, 5.05481,8.99232
./ExpMaxBalSub,105943,105943,13, 4.7885,8.30597
./ExpMaxBalSub,105943,105943,14, 4.44052,7.7612
./ExpMaxBalSub,105943,105943,15, 4.28935,7.31606
./ExpMaxBalSub,105943,105943,16, 4.04593,7.01425
./ExpMaxBalSub,85943,85943,0, 29.4407,29.4407
./ExpMaxBalSub,85943,85943,1, 33.6517,33.3587
./ExpMaxBalSub,85943,85943,2, 16.5829,24.8792
./ExpMaxBalSub,85943,85943,3, 11.7267,18.9733
./ExpMaxBalSub,85943,85943,4, 8.61132,14.8686
./ExpMaxBalSub,85943,85943,5, 7.39053,12.472
./ExpMaxBalSub,85943,85943,6, 5.99429,10.6998
./ExpMaxBalSub,85943,85943,7, 5.37592,9.51952
./ExpMaxBalSub,85943,85943,8, 4.65702,8.26917
./ExpMaxBalSub,85943,85943,9, 4.25865,7.48076
./ExpMaxBalSub,85943,85943,10, 3.80366,7.07198
./ExpMaxBalSub,85943,85943,11, 3.57922,6.5287
./ExpMaxBalSub,85943,85943,12, 3.29875,6.06625
./ExpMaxBalSub,85943,85943,13, 3.20779,5.61848
./ExpMaxBalSub,85943,85943,14, 2.91613,5.13419
./ExpMaxBalSub,85943,85943,15, 2.82229,4.91399
./ExpMaxBalSub,85943,85943,16, 2.65238,4.67502
