ExpName,N,M,NUM_THREADS,TBB_TIME,OMP_TIME
./ExpGlobalBal,60145,30145,0, 17.0862,17.0862
./ExpGlobalBal,60145,30145,1, 21.7782,23.0739
./ExpGlobalBal,60145,30145,2, 10.9628,13.3447
./ExpGlobalBal,60145,30145,3, 8.46741,9.12441
./ExpGlobalBal,60145,30145,4, 6.42989,7.53438
./ExpGlobalBal,60145,30145,5, 5.10521,5.95334
./ExpGlobalBal,60145,30145,6, 4.35099,5.21623
./ExpGlobalBal,60145,30145,7, 3.69159,4.55689
./ExpGlobalBal,60145,30145,8, 3.35251,3.96964
./ExpGlobalBal,60145,30145,9, 2.93497,3.43449
./ExpGlobalBal,60145,30145,10, 2.73762,3.02336
./ExpGlobalBal,60145,30145,11, 2.41687,3.00426
./ExpGlobalBal,60145,30145,12, 2.27651,2.74237
./ExpGlobalBal,60145,30145,13, 2.14433,2.6226
./ExpGlobalBal,60145,30145,14, 2.03706,2.34173
./ExpGlobalBal,60145,30145,15, 1.89376,2.22647
./ExpGlobalBal,60145,30145,16, 1.80973,2.18591
./ExpGlobalBal,30145,60145,0, 15.8229,15.8229
./ExpGlobalBal,30145,60145,1, 21.6312,23.0753
./ExpGlobalBal,30145,60145,2, 11.9533,13.8322
./ExpGlobalBal,30145,60145,3, 8.25138,9.59468
./ExpGlobalBal,30145,60145,4, 6.58602,7.65648
./ExpGlobalBal,30145,60145,5, 5.23719,5.99601
./ExpGlobalBal,30145,60145,6, 4.34777,5.11644
./ExpGlobalBal,30145,60145,7, 3.76621,4.52244
./ExpGlobalBal,30145,60145,8, 3.38767,4.1062
./ExpGlobalBal,30145,60145,9, 2.99041,3.46151
./ExpGlobalBal,30145,60145,10, 2.72552,3.29779
./ExpGlobalBal,30145,60145,11, 2.52867,2.99031
./ExpGlobalBal,30145,60145,12, 2.27709,2.71436
./ExpGlobalBal,30145,60145,13, 2.1556,2.51698
./ExpGlobalBal,30145,60145,14, 1.99841,2.41999
./ExpGlobalBal,30145,60145,15, 1.87599,2.22679
./ExpGlobalBal,30145,60145,16, 1.77185,2.25479
./ExpGlobalBal,30145,30145,0, 8.28312,8.28312
./ExpGlobalBal,30145,30145,1, 11.332,11.9239
./ExpGlobalBal,30145,30145,2, 5.62078,6.69386
./ExpGlobalBal,30145,30145,3, 4.11858,4.93229
./ExpGlobalBal,30145,30145,4, 3.17211,3.75736
./ExpGlobalBal,30145,30145,5, 2.58381,3.23403
./ExpGlobalBal,30145,30145,6, 2.0864,2.59264
./ExpGlobalBal,30145,30145,7, 1.90728,2.36736
./ExpGlobalBal,30145,30145,8, 1.64158,1.97291
./ExpGlobalBal,30145,30145,9, 1.49747,1.78063
./ExpGlobalBal,30145,30145,10, 1.31505,1.73025
./ExpGlobalBal,30145,30145,11, 1.23748,1.50451
./ExpGlobalBal,30145,30145,12, 1.1675,1.47726
./ExpGlobalBal,30145,30145,13, 1.08688,1.329
./ExpGlobalBal,30145,30145,14, 0.994478,1.12173
./ExpGlobalBal,30145,30145,15, 0.952905,1.10724
./ExpGlobalBal,30145,30145,16, 0.915541,1.10416
./ExpGlobalBal,240145,30145,0, 66.4787,66.4787
./ExpGlobalBal,240145,30145,1, 91.0788,98.1759
./ExpGlobalBal,240145,30145,2, 46.2639,51.0421
./ExpGlobalBal,240145,30145,3, 31.3735,35.7131
./ExpGlobalBal,240145,30145,4, 24.7248,27.6017
./ExpGlobalBal,240145,30145,5, 19.6947,22.5324
./ExpGlobalBal,240145,30145,6, 16.565,18.9373
./ExpGlobalBal,240145,30145,7, 14.8511,16.9303
./ExpGlobalBal,240145,30145,8, 13.2198,14.5779
./ExpGlobalBal,240145,30145,9, 11.8678,13.8508
./ExpGlobalBal,240145,30145,10, 10.7757,12.5131
./ExpGlobalBal,240145,30145,11, 9.81956,11.2859
./ExpGlobalBal,240145,30145,12, 8.99229,10.4036
./ExpGlobalBal,240145,30145,13, 8.48222,9.60992
./ExpGlobalBal,240145,30145,14, 7.92011,9.10609
./ExpGlobalBal,240145,30145,15, 7.55909,8.66592
./ExpGlobalBal,240145,30145,16, 7.21255,8.33774
./ExpGlobalBal,60145,30145,0, 16.6697,16.6697
./ExpGlobalBal,60145,30145,1, 22.6847,24.3911
./ExpGlobalBal,60145,30145,2, 11.2891,12.6832
./ExpGlobalBal,60145,30145,3, 8.14224,9.16541
./ExpGlobalBal,60145,30145,4, 6.13491,7.18525
./ExpGlobalBal,60145,30145,5, 5.02676,5.7496
./ExpGlobalBal,60145,30145,6, 4.13669,4.98207
./ExpGlobalBal,60145,30145,7, 3.64404,4.43519
./ExpGlobalBal,60145,30145,8, 3.27498,3.70504
./ExpGlobalBal,60145,30145,9, 2.92221,3.6124
./ExpGlobalBal,60145,30145,10, 2.72491,3.19112
./ExpGlobalBal,60145,30145,11, 2.49305,2.98256
./ExpGlobalBal,60145,30145,12, 2.29406,2.6954
./ExpGlobalBal,60145,30145,13, 2.09847,2.60299
./ExpGlobalBal,60145,30145,14, 1.95773,2.3313
./ExpGlobalBal,60145,30145,15, 1.93836,2.22631
./ExpGlobalBal,60145,30145,16, 1.80945,2.09323
./ExpGlobalBal,30145,60145,0, 16.8238,16.8238
./ExpGlobalBal,30145,60145,1, 22.7332,24.2848
./ExpGlobalBal,30145,60145,2, 11.2876,12.6043
./ExpGlobalBal,30145,60145,3, 8.14272,9.12239
./ExpGlobalBal,30145,60145,4, 6.03784,6.91864
./ExpGlobalBal,30145,60145,5, 5.13846,5.96058
./ExpGlobalBal,30145,60145,6, 4.2759,4.81269
./ExpGlobalBal,30145,60145,7, 3.69954,4.43869
./ExpGlobalBal,30145,60145,8, 3.36387,3.74915
./ExpGlobalBal,30145,60145,9, 2.88226,3.4222
./ExpGlobalBal,30145,60145,10, 2.67844,2.98518
./ExpGlobalBal,30145,60145,11, 2.41964,2.88609
./ExpGlobalBal,30145,60145,12, 2.30257,2.6957
./ExpGlobalBal,30145,60145,13, 2.12605,2.62257
./ExpGlobalBal,30145,60145,14, 2.02403,2.34816
./ExpGlobalBal,30145,60145,15, 1.94422,2.12165
./ExpGlobalBal,30145,60145,16, 1.83172,2.20847
./ExpGlobalBal,30145,30145,0, 7.88572,7.88572
./ExpGlobalBal,30145,30145,1, 10.7677,11.7199
./ExpGlobalBal,30145,30145,2, 5.64041,6.65433
./ExpGlobalBal,30145,30145,3, 4.16667,4.87055
./ExpGlobalBal,30145,30145,4, 2.95644,3.38315
./ExpGlobalBal,30145,30145,5, 2.50816,3.04631
./ExpGlobalBal,30145,30145,6, 2.12872,2.37366
./ExpGlobalBal,30145,30145,7, 1.82508,2.24285
./ExpGlobalBal,30145,30145,8, 1.65885,2.00525
./ExpGlobalBal,30145,30145,9, 1.52625,1.85095
./ExpGlobalBal,30145,30145,10, 1.3079,1.48922
./ExpGlobalBal,30145,30145,11, 1.23797,1.5302
./ExpGlobalBal,30145,30145,12, 1.1224,1.3126
./ExpGlobalBal,30145,30145,13, 1.10205,1.34164
./ExpGlobalBal,30145,30145,14, 1.0031,1.17238
./ExpGlobalBal,30145,30145,15, 0.948056,1.17261
./ExpGlobalBal,30145,30145,16, 0.892628,1.07186
./ExpGlobalBal,240145,30145,0, 66.8407,66.8407
./ExpGlobalBal,240145,30145,1, 92.3137,98.5512
./ExpGlobalBal,240145,30145,2, 45.0053,51.3328
./ExpGlobalBal,240145,30145,3, 31.8877,36.0239
./ExpGlobalBal,240145,30145,4, 24.8091,27.6995
./ExpGlobalBal,240145,30145,5, 19.7207,22.2285
./ExpGlobalBal,240145,30145,6, 16.7591,20.212
./ExpGlobalBal,240145,30145,7, 14.8252,17.04
./ExpGlobalBal,240145,30145,8, 13.397,15.4643
./ExpGlobalBal,240145,30145,9, 12.0194,13.6871
./ExpGlobalBal,240145,30145,10, 10.7968,12.755
./ExpGlobalBal,240145,30145,11, 9.92712,11.4278
./ExpGlobalBal,240145,30145,12, 9.25364,10.5948
./ExpGlobalBal,240145,30145,13, 8.57371,9.74316
./ExpGlobalBal,240145,30145,14, 7.96266,9.01604
./ExpGlobalBal,240145,30145,15, 7.56846,8.627
./ExpGlobalBal,240145,30145,16, 7.16877,8.37867
./ExpGlobalBal,60145,30145,0, 16.7725,16.7725
./ExpGlobalBal,60145,30145,1, 22.7848,24.5654
./ExpGlobalBal,60145,30145,2, 11.6102,12.7069
./ExpGlobalBal,60145,30145,3, 7.87753,8.58565
./ExpGlobalBal,60145,30145,4, 6.12043,6.90812
./ExpGlobalBal,60145,30145,5, 4.94385,5.48485
./ExpGlobalBal,60145,30145,6, 4.20183,4.62616
./ExpGlobalBal,60145,30145,7, 3.62823,4.1653
./ExpGlobalBal,60145,30145,8, 3.30205,3.74324
./ExpGlobalBal,60145,30145,9, 2.90198,3.45148
./ExpGlobalBal,60145,30145,10, 2.62582,3.18325
./ExpGlobalBal,60145,30145,11, 2.42276,2.87865
./ExpGlobalBal,60145,30145,12, 2.27591,2.69139
./ExpGlobalBal,60145,30145,13, 2.11461,2.54068
./ExpGlobalBal,60145,30145,14, 2.00502,2.19031
./ExpGlobalBal,60145,30145,15, 1.89218,2.19291
./ExpGlobalBal,60145,30145,16, 1.82638,2.1706
./ExpGlobalBal,30145,60145,0, 16.6284,16.6284
./ExpGlobalBal,30145,60145,1, 22.4232,24.3474
./ExpGlobalBal,30145,60145,2, 11.5316,13.5583
./ExpGlobalBal,30145,60145,3, 7.9506,9.91855
./ExpGlobalBal,30145,60145,4, 6.02089,7.63412
./ExpGlobalBal,30145,60145,5, 4.9349,6.2508
./ExpGlobalBal,30145,60145,6, 4.2385,5.28595
./ExpGlobalBal,30145,60145,7, 3.68661,4.67825
./ExpGlobalBal,30145,60145,8, 3.27794,4.08866
./ExpGlobalBal,30145,60145,9, 2.97299,3.74522
./ExpGlobalBal,30145,60145,10, 2.69053,3.30443
./ExpGlobalBal,30145,60145,11, 2.4755,3.12623
./ExpGlobalBal,30145,60145,12, 2.29218,2.92462
./ExpGlobalBal,30145,60145,13, 2.1112,2.6645
./ExpGlobalBal,30145,60145,14, 2.03377,2.53947
./ExpGlobalBal,30145,60145,15, 1.89849,2.35863
./ExpGlobalBal,30145,60145,16, 1.81074,2.22484
./ExpGlobalBal,30145,30145,0, 7.8776,7.8776
./ExpGlobalBal,30145,30145,1, 10.8284,11.5538
./ExpGlobalBal,30145,30145,2, 5.60643,6.68014
./ExpGlobalBal,30145,30145,3, 4.01981,4.77785
./ExpGlobalBal,30145,30145,4, 3.04337,3.41602
./ExpGlobalBal,30145,30145,5, 2.50372,2.93668
./ExpGlobalBal,30145,30145,6, 2.10952,2.57909
./ExpGlobalBal,30145,30145,7, 1.88092,2.28678
./ExpGlobalBal,30145,30145,8, 1.60858,1.90958
./ExpGlobalBal,30145,30145,9, 1.47386,1.82973
./ExpGlobalBal,30145,30145,10, 1.32416,1.57156
./ExpGlobalBal,30145,30145,11, 1.24536,1.51051
./ExpGlobalBal,30145,30145,12, 1.10534,1.24379
./ExpGlobalBal,30145,30145,13, 1.062,1.28926
./ExpGlobalBal,30145,30145,14, 0.989313,1.10956
./ExpGlobalBal,30145,30145,15, 0.944206,1.15788
./ExpGlobalBal,30145,30145,16, 0.90913,1.15108
./ExpGlobalBal,240145,30145,0, 63.042,63.042
./ExpGlobalBal,240145,30145,1, 86.6267,93.1886
./ExpGlobalBal,240145,30145,2, 49.3852,56.5805
./ExpGlobalBal,240145,30145,3, 32.1352,35.5781
./ExpGlobalBal,240145,30145,4, 25.4452,28.6859
./ExpGlobalBal,240145,30145,5, 20.6791,22.0972
./ExpGlobalBal,240145,30145,6, 17.1519,20.5066
./ExpGlobalBal,240145,30145,7, 14.9595,17.0637
./ExpGlobalBal,240145,30145,8, 13.3236,15.4829
./ExpGlobalBal,240145,30145,9, 11.875,13.8657
./ExpGlobalBal,240145,30145,10, 10.8023,12.613
./ExpGlobalBal,240145,30145,11, 9.8991,11.3362
./ExpGlobalBal,240145,30145,12, 9.0956,10.7591
./ExpGlobalBal,240145,30145,13, 8.52275,9.84337
./ExpGlobalBal,240145,30145,14, 7.93932,9.10026
./ExpGlobalBal,240145,30145,15, 7.57566,8.74808
./ExpGlobalBal,240145,30145,16, 7.25957,8.49644
./ExpGlobalBal,60145,30145,0, 15.7297,15.7297
./ExpGlobalBal,60145,30145,1, 21.7652,23.1201
./ExpGlobalBal,60145,30145,2, 12.0988,13.8954
./ExpGlobalBal,60145,30145,3, 8.42563,9.14789
./ExpGlobalBal,60145,30145,4, 6.33942,7.3125
./ExpGlobalBal,60145,30145,5, 5.07151,5.87152
./ExpGlobalBal,60145,30145,6, 4.44475,4.86472
./ExpGlobalBal,60145,30145,7, 3.75836,4.26603
./ExpGlobalBal,60145,30145,8, 3.28451,3.91858
./ExpGlobalBal,60145,30145,9, 2.95156,3.52515
./ExpGlobalBal,60145,30145,10, 2.7246,3.27659
./ExpGlobalBal,60145,30145,11, 2.55567,2.99034
./ExpGlobalBal,60145,30145,12, 2.25223,2.63365
./ExpGlobalBal,60145,30145,13, 2.17047,2.53796
./ExpGlobalBal,60145,30145,14, 2.00434,2.34142
./ExpGlobalBal,60145,30145,15, 1.92333,2.26921
./ExpGlobalBal,60145,30145,16, 1.85018,2.18922
./ExpGlobalBal,30145,60145,0, 16.9529,16.9529
./ExpGlobalBal,30145,60145,1, 22.714,24.4973
./ExpGlobalBal,30145,60145,2, 11.317,13.896
./ExpGlobalBal,30145,60145,3, 8.18538,8.98346
./ExpGlobalBal,30145,60145,4, 6.06587,7.14062
./ExpGlobalBal,30145,60145,5, 5.17333,5.88489
./ExpGlobalBal,30145,60145,6, 4.42138,4.87902
./ExpGlobalBal,30145,60145,7, 3.71324,4.41633
./ExpGlobalBal,30145,60145,8, 3.11993,3.93237
./ExpGlobalBal,30145,60145,9, 2.98909,3.60735
./ExpGlobalBal,30145,60145,10, 2.68066,3.27078
./ExpGlobalBal,30145,60145,11, 2.49848,3.05714
./ExpGlobalBal,30145,60145,12, 2.33118,2.74193
./ExpGlobalBal,30145,60145,13, 2.12337,2.58175
./ExpGlobalBal,30145,60145,14, 1.96792,2.22775
./ExpGlobalBal,30145,60145,15, 1.86478,2.24485
./ExpGlobalBal,30145,60145,16, 1.83882,2.15807
./ExpGlobalBal,30145,30145,0, 8.22265,8.22265
./ExpGlobalBal,30145,30145,1, 10.7188,11.5518
./ExpGlobalBal,30145,30145,2, 5.47718,7.10837
./ExpGlobalBal,30145,30145,3, 4.09339,4.64357
./ExpGlobalBal,30145,30145,4, 3.18657,3.52243
./ExpGlobalBal,30145,30145,5, 2.53314,3.07505
./ExpGlobalBal,30145,30145,6, 2.06369,2.43183
./ExpGlobalBal,30145,30145,7, 1.86727,2.29812
./ExpGlobalBal,30145,30145,8, 1.61127,1.90065
./ExpGlobalBal,30145,30145,9, 1.48964,1.88905
./ExpGlobalBal,30145,30145,10, 1.3443,1.58712
./ExpGlobalBal,30145,30145,11, 1.21416,1.55366
./ExpGlobalBal,30145,30145,12, 1.10983,1.29862
./ExpGlobalBal,30145,30145,13, 1.07407,1.34524
./ExpGlobalBal,30145,30145,14, 0.994094,1.15069
./ExpGlobalBal,30145,30145,15, 0.973458,1.14189
./ExpGlobalBal,30145,30145,16, 0.918601,1.07582
./ExpGlobalBal,240145,30145,0, 63.1339,63.1339
./ExpGlobalBal,240145,30145,1, 88.5327,93.4245
./ExpGlobalBal,240145,30145,2, 48.6701,53.5356
./ExpGlobalBal,240145,30145,3, 31.5744,33.8443
./ExpGlobalBal,240145,30145,4, 25.532,27.8295
./ExpGlobalBal,240145,30145,5, 19.7568,22.3898
./ExpGlobalBal,240145,30145,6, 17.4345,20.1793
./ExpGlobalBal,240145,30145,7, 14.9573,17.1346
./ExpGlobalBal,240145,30145,8, 13.4118,15.7263
./ExpGlobalBal,240145,30145,9, 12.1566,13.905
./ExpGlobalBal,240145,30145,10, 10.7402,12.8318
./ExpGlobalBal,240145,30145,11, 9.96077,11.6581
./ExpGlobalBal,240145,30145,12, 9.11972,10.879
./ExpGlobalBal,240145,30145,13, 8.58739,10.1472
./ExpGlobalBal,240145,30145,14, 8.05056,8.91483
./ExpGlobalBal,240145,30145,15, 7.58102,8.80361
./ExpGlobalBal,240145,30145,16, 7.34591,8.29245
./ExpGlobalBal,60145,30145,0, 16.4121,16.4121
./ExpGlobalBal,60145,30145,1, 22.5743,22.9987
./ExpGlobalBal,60145,30145,2, 10.9233,13.2413
./ExpGlobalBal,60145,30145,3, 8.28511,9.36779
./ExpGlobalBal,60145,30145,4, 5.93489,7.26419
./ExpGlobalBal,60145,30145,5, 5.1771,5.95124
./ExpGlobalBal,60145,30145,6, 4.13254,4.9833
./ExpGlobalBal,60145,30145,7, 3.70536,4.2326
./ExpGlobalBal,60145,30145,8, 3.25519,4.14564
./ExpGlobalBal,60145,30145,9, 2.99441,3.48293
./ExpGlobalBal,60145,30145,10, 2.75711,3.1417
./ExpGlobalBal,60145,30145,11, 2.52996,2.84929
./ExpGlobalBal,60145,30145,12, 2.31393,2.69734
./ExpGlobalBal,60145,30145,13, 2.15981,2.54111
./ExpGlobalBal,60145,30145,14, 1.97297,2.26715
./ExpGlobalBal,60145,30145,15, 1.93853,2.19774
./ExpGlobalBal,60145,30145,16, 1.82783,2.12653
./ExpGlobalBal,30145,60145,0, 16.4093,16.4093
./ExpGlobalBal,30145,60145,1, 22.5991,24.4161
./ExpGlobalBal,30145,60145,2, 11.4294,13.4448
./ExpGlobalBal,30145,60145,3, 8.11142,8.48526
./ExpGlobalBal,30145,60145,4, 6.11979,6.86474
./ExpGlobalBal,30145,60145,5, 5.0655,5.56281
./ExpGlobalBal,30145,60145,6, 4.10631,4.80425
./ExpGlobalBal,30145,60145,7, 3.66277,4.45342
./ExpGlobalBal,30145,60145,8, 3.31266,3.73899
./ExpGlobalBal,30145,60145,9, 2.98787,3.49618
./ExpGlobalBal,30145,60145,10, 2.63334,3.1672
./ExpGlobalBal,30145,60145,11, 2.45882,2.88352
./ExpGlobalBal,30145,60145,12, 2.29255,2.54599
./ExpGlobalBal,30145,60145,13, 2.15589,2.53231
./ExpGlobalBal,30145,60145,14, 1.98834,2.35887
./ExpGlobalBal,30145,60145,15, 1.87807,2.25194
./ExpGlobalBal,30145,60145,16, 1.79589,2.05992
./ExpGlobalBal,30145,30145,0, 7.842,7.842
./ExpGlobalBal,30145,30145,1, 10.8172,11.5742
./ExpGlobalBal,30145,30145,2, 5.61842,7.22761
./ExpGlobalBal,30145,30145,3, 3.92325,4.53071
./ExpGlobalBal,30145,30145,4, 3.04363,3.90803
./ExpGlobalBal,30145,30145,5, 2.58677,2.97751
./ExpGlobalBal,30145,30145,6, 2.20063,2.74569
./ExpGlobalBal,30145,30145,7, 1.85981,2.25635
./ExpGlobalBal,30145,30145,8, 1.58277,2.05787
./ExpGlobalBal,30145,30145,9, 1.52167,1.89571
./ExpGlobalBal,30145,30145,10, 1.29207,1.57139
./ExpGlobalBal,30145,30145,11, 1.21761,1.55192
./ExpGlobalBal,30145,30145,12, 1.13603,1.351
./ExpGlobalBal,30145,30145,13, 1.07368,1.28397
./ExpGlobalBal,30145,30145,14, 1.02267,1.20446
./ExpGlobalBal,30145,30145,15, 0.955031,1.14544
./ExpGlobalBal,30145,30145,16, 0.881488,1.00925
./ExpGlobalBal,240145,30145,0, 62.2629,62.2629
./ExpGlobalBal,240145,30145,1, 86.1112,93.2122
./ExpGlobalBal,240145,30145,2, 49.3425,56.2555
./ExpGlobalBal,240145,30145,3, 32.5429,36.9208
./ExpGlobalBal,240145,30145,4, 25.1976,29.1427
./ExpGlobalBal,240145,30145,5, 20.3255,22.7127
./ExpGlobalBal,240145,30145,6, 16.9025,20.3414
./ExpGlobalBal,240145,30145,7, 14.9579,17.0217
./ExpGlobalBal,240145,30145,8, 13.3433,15.9926
./ExpGlobalBal,240145,30145,9, 11.8391,13.7933
./ExpGlobalBal,240145,30145,10, 11.126,12.8814
./ExpGlobalBal,240145,30145,11, 10.0467,11.468
./ExpGlobalBal,240145,30145,12, 9.07456,10.247
./ExpGlobalBal,240145,30145,13, 8.49603,9.78683
./ExpGlobalBal,240145,30145,14, 7.92262,9.14599
./ExpGlobalBal,240145,30145,15, 7.6574,8.91656
./ExpGlobalBal,240145,30145,16, 7.23306,8.34763
./ExpGlobalBal,60145,30145,0, 15.7797,15.7797
./ExpGlobalBal,60145,30145,1, 21.703,23.2228
./ExpGlobalBal,60145,30145,2, 11.7906,13.3437
./ExpGlobalBal,60145,30145,3, 7.96626,9.15222
./ExpGlobalBal,60145,30145,4, 6.21799,7.19647
./ExpGlobalBal,60145,30145,5, 5.02991,5.73576
./ExpGlobalBal,60145,30145,6, 4.34586,5.2477
./ExpGlobalBal,60145,30145,7, 3.84867,4.32001
./ExpGlobalBal,60145,30145,8, 3.18283,3.71838
./ExpGlobalBal,60145,30145,9, 2.95016,3.61032
./ExpGlobalBal,60145,30145,10, 2.75774,3.16422
./ExpGlobalBal,60145,30145,11, 2.57006,3.03888
./ExpGlobalBal,60145,30145,12, 2.30297,2.8669
./ExpGlobalBal,60145,30145,13, 2.18322,2.53128
./ExpGlobalBal,60145,30145,14, 2.0146,2.20343
./ExpGlobalBal,60145,30145,15, 1.92383,2.32596
./ExpGlobalBal,60145,30145,16, 1.86453,2.17028
./ExpGlobalBal,30145,60145,0, 15.8023,15.8023
./ExpGlobalBal,30145,60145,1, 21.4457,23.1058
./ExpGlobalBal,30145,60145,2, 11.3265,13.3193
./ExpGlobalBal,30145,60145,3, 8.07721,9.12805
./ExpGlobalBal,30145,60145,4, 6.13829,7.71319
./ExpGlobalBal,30145,60145,5, 5.10419,6.04797
./ExpGlobalBal,30145,60145,6, 4.05496,5.10545
./ExpGlobalBal,30145,60145,7, 3.74809,4.4233
./ExpGlobalBal,30145,60145,8, 3.37469,3.98684
./ExpGlobalBal,30145,60145,9, 2.9653,3.62904
./ExpGlobalBal,30145,60145,10, 2.76885,3.30495
./ExpGlobalBal,30145,60145,11, 2.53988,2.84053
./ExpGlobalBal,30145,60145,12, 2.28953,2.68007
./ExpGlobalBal,30145,60145,13, 2.14615,2.54129
./ExpGlobalBal,30145,60145,14, 1.99343,2.43245
./ExpGlobalBal,30145,60145,15, 1.89292,2.20913
./ExpGlobalBal,30145,60145,16, 1.80307,2.00768
./ExpGlobalBal,30145,30145,0, 7.94379,7.94379
./ExpGlobalBal,30145,30145,1, 10.803,11.5517
./ExpGlobalBal,30145,30145,2, 6.24909,7.60346
./ExpGlobalBal,30145,30145,3, 4.00343,4.86276
./ExpGlobalBal,30145,30145,4, 3.15867,3.70382
./ExpGlobalBal,30145,30145,5, 2.557,3.01423
./ExpGlobalBal,30145,30145,6, 2.08544,2.54554
./ExpGlobalBal,30145,30145,7, 1.89953,2.22626
./ExpGlobalBal,30145,30145,8, 1.6583,1.97793
./ExpGlobalBal,30145,30145,9, 1.47639,1.85895
./ExpGlobalBal,30145,30145,10, 1.33505,1.65905
./ExpGlobalBal,30145,30145,11, 1.2673,1.50564
./ExpGlobalBal,30145,30145,12, 1.13749,1.24328
./ExpGlobalBal,30145,30145,13, 1.05667,1.25917
./ExpGlobalBal,30145,30145,14, 0.986954,1.111
./ExpGlobalBal,30145,30145,15, 0.956545,1.11951
./ExpGlobalBal,30145,30145,16, 0.911893,1.15743
./ExpGlobalBal,240145,30145,0, 67.2306,67.2306
./ExpGlobalBal,240145,30145,1, 91.746,98.3416
./ExpGlobalBal,240145,30145,2, 47.8326,52.8946
./ExpGlobalBal,240145,30145,3, 31.8071,36.4427
./ExpGlobalBal,240145,30145,4, 25.1451,28.3192
./ExpGlobalBal,240145,30145,5, 19.9659,23.1772
./ExpGlobalBal,240145,30145,6, 17.2074,19.4682
./ExpGlobalBal,240145,30145,7, 14.9952,16.8455
./ExpGlobalBal,240145,30145,8, 13.1975,15.3161
./ExpGlobalBal,240145,30145,9, 11.7576,13.5764
./ExpGlobalBal,240145,30145,10, 10.8362,12.5142
./ExpGlobalBal,240145,30145,11, 9.95429,11.4826
./ExpGlobalBal,240145,30145,12, 9.19881,10.3351
./ExpGlobalBal,240145,30145,13, 8.54163,9.78045
./ExpGlobalBal,240145,30145,14, 8.08072,9.04775
./ExpGlobalBal,240145,30145,15, 7.61684,8.84048
./ExpGlobalBal,240145,30145,16, 7.29002,8.40872
./ExpGlobalBal,60145,30145,0, 16.7576,16.7576
./ExpGlobalBal,60145,30145,1, 22.6741,24.2991
./ExpGlobalBal,60145,30145,2, 11.7696,12.7218
./ExpGlobalBal,60145,30145,3, 7.82884,8.55896
./ExpGlobalBal,60145,30145,4, 6.05961,7.36684
./ExpGlobalBal,60145,30145,5, 4.97908,5.59395
./ExpGlobalBal,60145,30145,6, 4.18088,5.00266
./ExpGlobalBal,60145,30145,7, 3.67636,4.3464
./ExpGlobalBal,60145,30145,8, 3.25279,3.85633
./ExpGlobalBal,60145,30145,9, 2.98028,3.42894
./ExpGlobalBal,60145,30145,10, 2.63966,3.21462
./ExpGlobalBal,60145,30145,11, 2.49174,3.05995
./ExpGlobalBal,60145,30145,12, 2.23637,2.73455
./ExpGlobalBal,60145,30145,13, 2.16066,2.56752
./ExpGlobalBal,60145,30145,14, 1.98351,2.39048
./ExpGlobalBal,60145,30145,15, 1.91418,2.16312
./ExpGlobalBal,60145,30145,16, 1.83333,2.0524
./ExpGlobalBal,30145,60145,0, 16.9613,16.9613
./ExpGlobalBal,30145,60145,1, 22.7351,24.7482
./ExpGlobalBal,30145,60145,2, 11.1511,12.8912
./ExpGlobalBal,30145,60145,3, 7.82053,8.82973
./ExpGlobalBal,30145,60145,4, 6.04634,7.0805
./ExpGlobalBal,30145,60145,5, 4.95856,5.55678
./ExpGlobalBal,30145,60145,6, 4.22457,4.96711
./ExpGlobalBal,30145,60145,7, 3.67205,4.17944
./ExpGlobalBal,30145,60145,8, 3.17636,3.76568
./ExpGlobalBal,30145,60145,9, 2.93277,3.48456
./ExpGlobalBal,30145,60145,10, 2.67598,3.13613
./ExpGlobalBal,30145,60145,11, 2.4775,2.89447
./ExpGlobalBal,30145,60145,12, 2.32624,2.70176
./ExpGlobalBal,30145,60145,13, 2.12513,2.49955
./ExpGlobalBal,30145,60145,14, 1.99733,2.35444
./ExpGlobalBal,30145,60145,15, 1.85653,2.20035
./ExpGlobalBal,30145,60145,16, 1.82046,2.0854
./ExpGlobalBal,30145,30145,0, 8.27703,8.27703
./ExpGlobalBal,30145,30145,1, 11.5283,12.3672
./ExpGlobalBal,30145,30145,2, 5.7034,6.19561
./ExpGlobalBal,30145,30145,3, 4.1536,4.81648
./ExpGlobalBal,30145,30145,4, 3.03157,3.77791
./ExpGlobalBal,30145,30145,5, 2.49526,2.97911
./ExpGlobalBal,30145,30145,6, 2.11906,2.66006
./ExpGlobalBal,30145,30145,7, 1.83452,2.13847
./ExpGlobalBal,30145,30145,8, 1.60238,1.77997
./ExpGlobalBal,30145,30145,9, 1.49515,1.86474
./ExpGlobalBal,30145,30145,10, 1.32043,1.50427
./ExpGlobalBal,30145,30145,11, 1.21953,1.43025
./ExpGlobalBal,30145,30145,12, 1.15767,1.34599
./ExpGlobalBal,30145,30145,13, 1.09616,1.2814
./ExpGlobalBal,30145,30145,14, 1.00364,1.2152
./ExpGlobalBal,30145,30145,15, 0.945182,1.14829
./ExpGlobalBal,30145,30145,16, 0.898728,1.04786
./ExpGlobalBal,240145,30145,0, 65.8874,65.8874
./ExpGlobalBal,240145,30145,1, 91.9557,98.6851
./ExpGlobalBal,240145,30145,2, 45.7078,49.9451
./ExpGlobalBal,240145,30145,3, 31.9347,34.8691
./ExpGlobalBal,240145,30145,4, 24.0985,27.3575
./ExpGlobalBal,240145,30145,5, 19.9771,22.3769
./ExpGlobalBal,240145,30145,6, 17.3079,20.463
./ExpGlobalBal,240145,30145,7, 14.8597,17.3357
./ExpGlobalBal,240145,30145,8, 13.245,15.8471
./ExpGlobalBal,240145,30145,9, 11.9312,13.7797
./ExpGlobalBal,240145,30145,10, 10.9016,12.8683
./ExpGlobalBal,240145,30145,11, 9.79915,11.4297
./ExpGlobalBal,240145,30145,12, 9.1492,10.5465
./ExpGlobalBal,240145,30145,13, 8.49684,10.0828
./ExpGlobalBal,240145,30145,14, 7.92842,9.0389
./ExpGlobalBal,240145,30145,15, 7.5787,8.88423
./ExpGlobalBal,240145,30145,16, 7.27829,8.42341
./ExpGlobalBal,60145,30145,0, 15.7333,15.7333
./ExpGlobalBal,60145,30145,1, 21.4369,23.146
./ExpGlobalBal,60145,30145,2, 12.2474,15.3433
./ExpGlobalBal,60145,30145,3, 8.09834,8.95084
./ExpGlobalBal,60145,30145,4, 6.39809,7.75501
./ExpGlobalBal,60145,30145,5, 5.10929,5.97253
./ExpGlobalBal,60145,30145,6, 4.28372,5.24674
./ExpGlobalBal,60145,30145,7, 3.70841,4.50371
./ExpGlobalBal,60145,30145,8, 3.30142,4.10513
./ExpGlobalBal,60145,30145,9, 2.97801,3.35607
./ExpGlobalBal,60145,30145,10, 2.70866,3.14114
./ExpGlobalBal,60145,30145,11, 2.48675,2.94366
./ExpGlobalBal,60145,30145,12, 2.33593,2.69022
./ExpGlobalBal,60145,30145,13, 2.14245,2.53718
./ExpGlobalBal,60145,30145,14, 1.99194,2.29161
./ExpGlobalBal,60145,30145,15, 1.882,2.1662
./ExpGlobalBal,60145,30145,16, 1.84563,2.15759
./ExpGlobalBal,30145,60145,0, 15.7193,15.7193
./ExpGlobalBal,30145,60145,1, 21.4424,23.118
./ExpGlobalBal,30145,60145,2, 12.1468,13.7675
./ExpGlobalBal,30145,60145,3, 8.16097,8.84321
./ExpGlobalBal,30145,60145,4, 6.26282,7.80304
./ExpGlobalBal,30145,60145,5, 4.96608,5.74891
./ExpGlobalBal,30145,60145,6, 4.20572,4.73827
./ExpGlobalBal,30145,60145,7, 3.72776,4.44319
./ExpGlobalBal,30145,60145,8, 3.25283,4.07253
./ExpGlobalBal,30145,60145,9, 3.04497,3.4135
./ExpGlobalBal,30145,60145,10, 2.63802,3.0331
./ExpGlobalBal,30145,60145,11, 2.46463,3.00438
./ExpGlobalBal,30145,60145,12, 2.33251,2.73781
./ExpGlobalBal,30145,60145,13, 2.15699,2.53565
./ExpGlobalBal,30145,60145,14, 1.97022,2.39074
./ExpGlobalBal,30145,60145,15, 1.89683,2.30033
./ExpGlobalBal,30145,60145,16, 1.8704,2.21429
./ExpGlobalBal,30145,30145,0, 7.91395,7.91395
./ExpGlobalBal,30145,30145,1, 10.7475,11.5557
./ExpGlobalBal,30145,30145,2, 5.55688,6.55589
./ExpGlobalBal,30145,30145,3, 4.05921,4.69616
./ExpGlobalBal,30145,30145,4, 3.01343,3.6124
./ExpGlobalBal,30145,30145,5, 2.55783,3.07985
./ExpGlobalBal,30145,30145,6, 2.12952,2.47096
./ExpGlobalBal,30145,30145,7, 1.85605,2.165
./ExpGlobalBal,30145,30145,8, 1.61919,1.99195
./ExpGlobalBal,30145,30145,9, 1.48403,1.90919
./ExpGlobalBal,30145,30145,10, 1.37011,1.6902
./ExpGlobalBal,30145,30145,11, 1.23886,1.63483
./ExpGlobalBal,30145,30145,12, 1.11782,1.4322
./ExpGlobalBal,30145,30145,13, 1.08174,1.28853
./ExpGlobalBal,30145,30145,14, 0.988701,1.16948
./ExpGlobalBal,30145,30145,15, 0.950968,1.14152
./ExpGlobalBal,30145,30145,16, 0.906921,1.07169
./ExpGlobalBal,240145,30145,0, 62.4167,62.4167
./ExpGlobalBal,240145,30145,1, 86.5823,93.1815
./ExpGlobalBal,240145,30145,2, 49.0506,54.0856
./ExpGlobalBal,240145,30145,3, 31.3103,33.6628
./ExpGlobalBal,240145,30145,4, 25.315,29.8797
./ExpGlobalBal,240145,30145,5, 20.1462,22.4804
./ExpGlobalBal,240145,30145,6, 17.5115,19.7795
./ExpGlobalBal,240145,30145,7, 15.0303,17.3153
./ExpGlobalBal,240145,30145,8, 13.4601,15.4519
./ExpGlobalBal,240145,30145,9, 12.033,13.9489
./ExpGlobalBal,240145,30145,10, 11.1008,12.855
./ExpGlobalBal,240145,30145,11, 10.0246,11.694
./ExpGlobalBal,240145,30145,12, 9.29804,10.6359
./ExpGlobalBal,240145,30145,13, 8.50651,9.93854
./ExpGlobalBal,240145,30145,14, 7.91593,9.2802
./ExpGlobalBal,240145,30145,15, 7.5869,8.59358
./ExpGlobalBal,240145,30145,16, 7.17706,7.88197
./ExpGlobalBal,60145,30145,0, 15.8159,15.8159
./ExpGlobalBal,60145,30145,1, 21.411,23.0746
./ExpGlobalBal,60145,30145,2, 11.427,14.08
./ExpGlobalBal,60145,30145,3, 8.14972,9.01929
./ExpGlobalBal,60145,30145,4, 6.14287,7.18565
./ExpGlobalBal,60145,30145,5, 5.09703,5.82444
./ExpGlobalBal,60145,30145,6, 4.32711,5.27651
./ExpGlobalBal,60145,30145,7, 3.76808,4.41636
./ExpGlobalBal,60145,30145,8, 3.41073,3.90349
./ExpGlobalBal,60145,30145,9, 2.90926,3.55548
./ExpGlobalBal,60145,30145,10, 2.68439,3.36934
./ExpGlobalBal,60145,30145,11, 2.53227,2.90974
./ExpGlobalBal,60145,30145,12, 2.34033,2.60888
./ExpGlobalBal,60145,30145,13, 2.10723,2.57152
./ExpGlobalBal,60145,30145,14, 2.01773,2.32576
./ExpGlobalBal,60145,30145,15, 1.89413,2.19334
./ExpGlobalBal,60145,30145,16, 1.76305,2.16832
./ExpGlobalBal,30145,60145,0, 17.2043,17.2043
./ExpGlobalBal,30145,60145,1, 21.9934,24.4737
./ExpGlobalBal,30145,60145,2, 11.6564,13.1686
./ExpGlobalBal,30145,60145,3, 8.27407,9.54413
./ExpGlobalBal,30145,60145,4, 6.1614,6.90209
./ExpGlobalBal,30145,60145,5, 5.07154,5.97163
./ExpGlobalBal,30145,60145,6, 4.18947,5.21577
./ExpGlobalBal,30145,60145,7, 3.67996,4.49334
./ExpGlobalBal,30145,60145,8, 3.35152,4.07817
./ExpGlobalBal,30145,60145,9, 2.96539,3.53894
./ExpGlobalBal,30145,60145,10, 2.61307,3.23486
./ExpGlobalBal,30145,60145,11, 2.49756,2.97867
./ExpGlobalBal,30145,60145,12, 2.32941,2.82238
./ExpGlobalBal,30145,60145,13, 2.12767,2.55612
./ExpGlobalBal,30145,60145,14, 1.96914,2.3038
./ExpGlobalBal,30145,60145,15, 1.89882,2.14997
./ExpGlobalBal,30145,60145,16, 1.81926,1.99942
./ExpGlobalBal,30145,30145,0, 7.7785,7.7785
./ExpGlobalBal,30145,30145,1, 10.8,11.5596
./ExpGlobalBal,30145,30145,2, 5.87139,6.9935
./ExpGlobalBal,30145,30145,3, 4.25237,4.94004
./ExpGlobalBal,30145,30145,4, 3.01151,3.41996
./ExpGlobalBal,30145,30145,5, 2.39967,3.01997
./ExpGlobalBal,30145,30145,6, 2.12228,2.44921
./ExpGlobalBal,30145,30145,7, 1.87942,2.33561
./ExpGlobalBal,30145,30145,8, 1.67595,1.99234
./ExpGlobalBal,30145,30145,9, 1.48496,1.79859
./ExpGlobalBal,30145,30145,10, 1.33599,1.7105
./ExpGlobalBal,30145,30145,11, 1.21636,1.54642
./ExpGlobalBal,30145,30145,12, 1.15203,1.396
./ExpGlobalBal,30145,30145,13, 1.0799,1.36686
./ExpGlobalBal,30145,30145,14, 1.00478,1.19602
./ExpGlobalBal,30145,30145,15, 0.96024,1.13077
./ExpGlobalBal,30145,30145,16, 0.892049,1.01063
./ExpGlobalBal,240145,30145,0, 64.729,64.729
./ExpGlobalBal,240145,30145,1, 86.5779,93.3463
./ExpGlobalBal,240145,30145,2, 48.6319,52.3172
./ExpGlobalBal,240145,30145,3, 31.4163,37.0161
./ExpGlobalBal,240145,30145,4, 25.0774,28.4613
./ExpGlobalBal,240145,30145,5, 20.4921,22.7819
./ExpGlobalBal,240145,30145,6, 17.0768,19.7969
./ExpGlobalBal,240145,30145,7, 14.7592,16.9473
./ExpGlobalBal,240145,30145,8, 13.1216,15.0517
./ExpGlobalBal,240145,30145,9, 11.7653,13.5955
./ExpGlobalBal,240145,30145,10, 10.5887,12.6805
./ExpGlobalBal,240145,30145,11, 9.90894,11.7828
./ExpGlobalBal,240145,30145,12, 9.25908,10.7211
./ExpGlobalBal,240145,30145,13, 8.63314,9.74498
./ExpGlobalBal,240145,30145,14, 8.08087,9.22219
./ExpGlobalBal,240145,30145,15, 7.62581,8.97501
./ExpGlobalBal,240145,30145,16, 7.49472,8.92861
./ExpGlobalBal,60145,30145,0, 16.3282,16.3282
./ExpGlobalBal,60145,30145,1, 22.2962,23.2509
./ExpGlobalBal,60145,30145,2, 11.9125,12.5241
./ExpGlobalBal,60145,30145,3, 8.2922,9.30076
./ExpGlobalBal,60145,30145,4, 6.21947,7.07763
./ExpGlobalBal,60145,30145,5, 5.16935,5.74861
./ExpGlobalBal,60145,30145,6, 4.17756,4.96495
./ExpGlobalBal,60145,30145,7, 3.67556,4.27473
./ExpGlobalBal,60145,30145,8, 3.29563,4.04587
./ExpGlobalBal,60145,30145,9, 2.8627,3.55222
./ExpGlobalBal,60145,30145,10, 2.6863,3.14826
./ExpGlobalBal,60145,30145,11, 2.51427,2.89166
./ExpGlobalBal,60145,30145,12, 2.34057,2.71175
./ExpGlobalBal,60145,30145,13, 2.1329,2.52085
./ExpGlobalBal,60145,30145,14, 1.97468,2.36472
./ExpGlobalBal,60145,30145,15, 1.87816,2.25246
./ExpGlobalBal,60145,30145,16, 1.83266,2.1372
./ExpGlobalBal,30145,60145,0, 16.4465,16.4465
./ExpGlobalBal,30145,60145,1, 22.3489,24.1377
./ExpGlobalBal,30145,60145,2, 11.5728,15.0784
./ExpGlobalBal,30145,60145,3, 8.73512,8.93925
./ExpGlobalBal,30145,60145,4, 6.06907,7.40691
./ExpGlobalBal,30145,60145,5, 4.85799,5.8281
./ExpGlobalBal,30145,60145,6, 4.19413,5.19366
./ExpGlobalBal,30145,60145,7, 3.63836,4.4014
./ExpGlobalBal,30145,60145,8, 3.44715,3.80403
./ExpGlobalBal,30145,60145,9, 2.98391,3.43562
./ExpGlobalBal,30145,60145,10, 2.66423,3.2502
./ExpGlobalBal,30145,60145,11, 2.46936,2.95965
./ExpGlobalBal,30145,60145,12, 2.28364,2.75472
./ExpGlobalBal,30145,60145,13, 2.15337,2.48597
./ExpGlobalBal,30145,60145,14, 2.03382,2.27912
./ExpGlobalBal,30145,60145,15, 1.89617,2.27405
./ExpGlobalBal,30145,60145,16, 1.76428,2.17615
./ExpGlobalBal,30145,30145,0, 8.17511,8.17511
./ExpGlobalBal,30145,30145,1, 11.1987,12.2499
./ExpGlobalBal,30145,30145,2, 5.50203,6.3019
./ExpGlobalBal,30145,30145,3, 4.21171,4.86673
./ExpGlobalBal,30145,30145,4, 3.0577,3.3731
./ExpGlobalBal,30145,30145,5, 2.54116,2.91034
./ExpGlobalBal,30145,30145,6, 2.1633,2.60832
./ExpGlobalBal,30145,30145,7, 1.88331,2.22959
./ExpGlobalBal,30145,30145,8, 1.64501,2.02053
./ExpGlobalBal,30145,30145,9, 1.51193,1.81218
./ExpGlobalBal,30145,30145,10, 1.33685,1.5054
./ExpGlobalBal,30145,30145,11, 1.20512,1.5758
./ExpGlobalBal,30145,30145,12, 1.12339,1.42497
./ExpGlobalBal,30145,30145,13, 1.07227,1.31322
./ExpGlobalBal,30145,30145,14, 1.04692,1.18042
./ExpGlobalBal,30145,30145,15, 0.953627,1.20171
./ExpGlobalBal,30145,30145,16, 0.916174,0.983978
./ExpGlobalBal,240145,30145,0, 62.469,62.469
./ExpGlobalBal,240145,30145,1, 86.5363,93.2878
./ExpGlobalBal,240145,30145,2, 51.1488,53.482
./ExpGlobalBal,240145,30145,3, 32.311,35.4859
./ExpGlobalBal,240145,30145,4, 24.3466,28.006
./ExpGlobalBal,240145,30145,5, 19.9675,22.4515
./ExpGlobalBal,240145,30145,6, 17.0143,19.378
./ExpGlobalBal,240145,30145,7, 14.6611,16.5662
./ExpGlobalBal,240145,30145,8, 12.8652,16.2213
./ExpGlobalBal,240145,30145,9, 13.1049,14.0183
./ExpGlobalBal,240145,30145,10, 11.3549,12.9179
./ExpGlobalBal,240145,30145,11, 10.3402,12.2119
./ExpGlobalBal,240145,30145,12, 9.17814,10.7264
./ExpGlobalBal,240145,30145,13, 8.49631,9.67113
./ExpGlobalBal,240145,30145,14, 7.91046,9.79154
./ExpGlobalBal,240145,30145,15, 7.56358,8.86129
./ExpGlobalBal,240145,30145,16, 7.16145,8.90287
